lat,lon,Rssi
47.65382089,-122.3065636,-57
47.65382069,-122.306574,-58
47.65382049,-122.3065844,-58
47.65382029,-122.3065949,-58
47.65382009,-122.3066054,-61
47.65383644,-122.306604,-62
47.65384748,-122.3066,-59
47.6538714,-122.3065874,-58
47.65386502,-122.3065828,-56
47.65385857,-122.3065782,-59
47.65385219,-122.3065736,-76
47.65384239,-122.306567,-59
47.65384118,-122.306567,-63
47.65383997,-122.306567,-57
47.65383877,-122.306567,-57
47.65383757,-122.306567,-61
47.65383785,-122.3065669,-60
47.65383946,-122.3065667,-59
47.65384107,-122.3065665,-53
47.65384267,-122.3065663,-53
47.65384427,-122.3065661,-57
47.65384533,-122.3065659,-57
47.65384594,-122.3065657,-58
47.65384654,-122.3065655,-51
47.65384714,-122.3065653,-48
47.65384775,-122.3065651,-50
47.65385012,-122.3065593,-50
47.65385153,-122.3065554,-48
47.65385296,-122.3065515,-48
47.65385437,-122.3065477,-49
47.65385555,-122.3065442,-50
47.65385656,-122.306541,-51
47.65385756,-122.3065378,-51
47.65385857,-122.3065346,-53
47.65388221,-122.3065157,-54
47.65389681,-122.3065085,-55
47.65390062,-122.3065075,-55
47.65390445,-122.3065065,-53
47.65390828,-122.3065055,-54
47.65391207,-122.3065046,-56
47.65391585,-122.3065038,-58
47.65391969,-122.306503,-56
47.65392355,-122.3065021,-60
47.65392736,-122.3065013,-63
47.65393193,-122.3065042,-59
47.65393693,-122.3065096,-59
47.65394189,-122.3065149,-57
47.65394688,-122.3065203,-56
47.6539519,-122.3065257,-56
47.65395458,-122.3065292,-55
47.65395559,-122.3065312,-55
47.65395659,-122.3065332,-56
47.6539576,-122.3065352,-54
47.65395814,-122.3065381,-52
47.65395653,-122.3065383,-55
47.65395491,-122.3065385,-53
47.6539533,-122.3065387,-58
47.65395169,-122.3065389,-55
47.65395238,-122.3065382,-58
47.65395481,-122.3065368,-59
47.65395724,-122.3065354,-58
47.6539595,-122.306534,-57
47.65396194,-122.3065326,-58
47.65396481,-122.3065315,-56
47.65396803,-122.3065307,-64
47.65397125,-122.3065299,-61
47.65397447,-122.3065291,-76
47.65397769,-122.3065283,-57
47.65397995,-122.3065286,-65
47.65398156,-122.3065296,-57
47.65398628,-122.3065326,-69
47.65398903,-122.306534,-69
47.65399267,-122.3065358,-63
47.65399631,-122.3065377,-70
47.65399997,-122.3065395,-63
47.65400359,-122.3065413,-56
47.65400599,-122.3065427,-63
47.6540107,-122.3065463,-63
47.65401232,-122.3065475,-68
47.65401394,-122.3065487,-61
47.65401555,-122.3065499,-60
47.65401718,-122.3065511,-63
47.65401878,-122.3065523,-62
47.65402037,-122.3065535,-70
47.65402247,-122.3065574,-64
47.65402487,-122.306563,-69
47.65402969,-122.3065743,-75
47.654033,-122.3065857,-63
47.654033,-122.3065882,-69
47.654033,-122.3065906,-64
47.654033,-122.306593,-88
47.654033,-122.3065954,-77
47.654033,-122.3065978,-68
47.654033,-122.3066002,-77
47.654033,-122.3066027,-70
47.654033,-122.3066051,-75
47.65403374,-122.3066067,-79
47.65403615,-122.3066092,-73
47.65403848,-122.3066115,-65
47.6540398,-122.306613,-74
47.65404121,-122.3066148,-79
47.65404262,-122.3066167,-72
47.65404402,-122.3066185,-66
47.65404546,-122.3066203,-68
47.65404699,-122.3066225,-69
47.6540486,-122.3066249,-71
47.65405022,-122.3066273,-65
47.65405172,-122.3066296,-64
47.65405333,-122.306632,-65
47.65405494,-122.3066341,-64
47.65405656,-122.3066359,-66
47.65405818,-122.3066377,-63
47.65405979,-122.3066395,-60
47.65406141,-122.3066413,-63
47.65406338,-122.3066426,-60
47.65406558,-122.3066436,-60
47.6540678,-122.3066446,-61
47.6540744,-122.3066481,-61
47.65407684,-122.3066499,-64
47.65407927,-122.3066517,-71
47.65408165,-122.3066535,-68
47.65408405,-122.3066553,-65
47.65408648,-122.3066571,-64
47.65408889,-122.3066589,-64
47.65409129,-122.3066607,-68
47.65409372,-122.3066625,-62
47.6540961,-122.3066643,-62
47.6540989,-122.306666,-60
47.6541019,-122.3066676,-66
47.65410491,-122.3066692,-62
47.65410792,-122.3066708,-62
47.65411093,-122.3066724,-65
47.65411435,-122.3066753,-62
47.65411797,-122.306679,-63
47.65412157,-122.3066826,-65
47.65412496,-122.306686,-62
47.65412857,-122.3066896,-64
47.6541311,-122.3066917,-63
47.65413292,-122.3066929,-62
47.65413474,-122.3066942,-61
47.65413655,-122.3066954,-65
47.65413835,-122.3066966,-64
47.65414016,-122.3066978,-66
47.65414196,-122.306699,-68
47.65414377,-122.3067002,-68
47.65414559,-122.3067014,-69
47.65415121,-122.3067088,-65
47.65415324,-122.3067124,-65
47.65415526,-122.3067161,-72
47.65415729,-122.3067197,-73
47.6541593,-122.3067223,-75
47.65416129,-122.3067243,-68
47.65416328,-122.3067263,-75
47.65416527,-122.3067283,-81
47.65416731,-122.3067303,-81
47.6541676,-122.306735,-75
47.654167,-122.306741,-67
47.65416583,-122.3067527,-76
47.65416523,-122.3067587,-69
47.65416463,-122.306763,-72
47.65416402,-122.3067663,-71
47.65416341,-122.3067695,-71
47.65416281,-122.3067727,-72
47.65416221,-122.3067759,-82
47.65416148,-122.3067791,-76
47.65416068,-122.3067823,-82
47.65415988,-122.3067855,-75
47.65415907,-122.3067887,-67
47.65415827,-122.3067919,-74
47.65415692,-122.3067946,-77
47.65415532,-122.306797,-83
47.65415372,-122.3067994,-83
47.65415061,-122.3068041,-70
47.65414862,-122.3068074,-83
47.65414642,-122.3068112,-71
47.6541442,-122.306815,-71
47.65414201,-122.3068188,-65
47.65413981,-122.3068226,-72
47.65413874,-122.3068255,-72
47.65413834,-122.306828,-78
47.65413793,-122.3068304,-69
47.65413754,-122.3068328,-73
47.65413714,-122.3068351,-65
47.65413546,-122.3068378,-70
47.65413305,-122.3068406,-69
47.65413063,-122.3068434,-66
47.65412824,-122.3068462,-71
47.65412584,-122.306849,-68
47.65412422,-122.3068525,-74
47.65412301,-122.3068563,-78
47.65412182,-122.3068601,-83
47.65412062,-122.3068639,-77
47.65411943,-122.3068676,-76
47.65411757,-122.3068706,-78
47.65411538,-122.3068729,-72
47.65411317,-122.3068754,-70
47.65411098,-122.3068778,-73
47.65410877,-122.3068802,-75
47.65410749,-122.3068832,-69
47.65410669,-122.3068866,-75
47.65410588,-122.30689,-84
47.65410508,-122.3068934,-75
47.65410428,-122.3068968,-72
47.65410349,-122.3068997,-69
47.65410269,-122.3069023,-68
47.65410189,-122.3069049,-67
47.65409248,-122.306927,-70
47.65409088,-122.3069308,-76
47.65408929,-122.3069348,-87
47.65408769,-122.3069388,-96
47.65408609,-122.3069428,-76
47.6540845,-122.3069468,-92
47.65408262,-122.3069508,-70
47.65408062,-122.3069548,-81
47.65407862,-122.3069588,-74
47.65407664,-122.3069627,-78
47.65407464,-122.3069667,-68
47.65407346,-122.3069698,-79
47.65407266,-122.3069724,-70
47.65407186,-122.306975,-69
47.65407106,-122.3069776,-72
47.65407026,-122.3069802,-70
47.65406946,-122.3069828,-66
47.65406866,-122.3069853,-66
47.65406787,-122.3069879,-69
47.65406708,-122.3069905,-68
47.65406627,-122.3069931,-65
47.65406506,-122.3069974,-65
47.65406365,-122.3070024,-67
47.65406225,-122.3070074,-70
47.65406084,-122.3070124,-67
47.65405944,-122.3070174,-67
47.65405832,-122.3070208,-64
47.65405732,-122.3070234,-63
47.65405631,-122.307026,-65
47.65405531,-122.3070286,-67
47.65405432,-122.3070312,-68
47.65405345,-122.3070339,-66
47.65405264,-122.3070367,-65
47.65405184,-122.3070396,-61
47.65405103,-122.3070424,-66
47.65405024,-122.3070452,-65
47.65404872,-122.307051,-72
47.65404693,-122.3070579,-72
47.65404514,-122.3070649,-65
47.65404336,-122.3070718,-68
47.65404156,-122.3070788,-72
47.65404058,-122.3070827,-68
47.65403998,-122.3070851,-67
47.65403939,-122.3070874,-64
47.65403878,-122.3070899,-67
47.65403819,-122.3070923,-65
47.65403773,-122.3070946,-67
47.65403733,-122.307097,-68
47.65403693,-122.3070994,-68
47.65403653,-122.3071018,-68
47.65403613,-122.3071042,-65
47.65403531,-122.3071069,-71
47.65403432,-122.3071097,-74
47.65403331,-122.3071125,-69
47.65403231,-122.3071153,-80
47.6540313,-122.3071182,-77
47.65402975,-122.3071222,-77
47.65402793,-122.3071268,-78
47.65402612,-122.3071315,-81
47.65402434,-122.307136,-80
47.65402251,-122.3071407,-87
47.65402142,-122.307146,-73
47.65402062,-122.3071516,-70
47.65401982,-122.3071573,-70
47.65401901,-122.3071629,-75
47.65401821,-122.3071685,-74
47.65401755,-122.3071725,-75
47.65401699,-122.3071757,-76
47.65401639,-122.3071791,-77
47.65401578,-122.3071826,-79
47.65401518,-122.307186,-85
47.65401443,-122.3071894,-83
47.65401362,-122.3071929,-81
47.65401283,-122.3071962,-81
47.65401203,-122.3071996,-89
47.65401123,-122.307203,-81
47.65401029,-122.307205,-82
47.6540093,-122.3072064,-79
47.65400829,-122.3072078,-76
47.65400728,-122.3072092,-82
47.65400626,-122.3072106,-82
47.65400525,-122.3072151,-91
47.65400324,-122.3072259,-81
47.6540023,-122.307231,-85
47.6540013,-122.3072364,-78
47.654001,-122.3072427,-86
47.654001,-122.3072456,-84
47.654001,-122.3072484,-76
47.654001,-122.3072512,-98
47.65400043,-122.3072554,-76
47.65399962,-122.3072603,-78
47.65399881,-122.3072651,-83
47.653998,-122.30727,-80
47.6539972,-122.3072748,-77
47.65399669,-122.3072791,-78
47.65399592,-122.3072868,-85
47.65399552,-122.3072908,-75
47.65399512,-122.3072948,-90
47.653995,-122.3072987,-88
47.653995,-122.3073025,-81
47.653995,-122.3073064,-88
47.653995,-122.3073102,-74
47.653995,-122.3073141,-78
47.65399542,-122.3073181,-92
47.65399603,-122.3073225,-80
47.65399663,-122.307327,-77
47.65399725,-122.3073315,-74
47.65399785,-122.3073359,-82
47.65399831,-122.3073416,-75
47.65399908,-122.3073533,-74
47.65399949,-122.3073593,-71
47.65399989,-122.3073654,-71
47.65399985,-122.3073696,-69
47.65399965,-122.307373,-72
47.65399945,-122.3073764,-89
47.65399925,-122.3073798,-71
47.65399904,-122.3073833,-77
47.65399866,-122.3073898,-71
47.65399845,-122.3073933,-71
47.65399825,-122.3073967,-69
47.65399805,-122.3074002,-73
47.65399785,-122.307403,-71
47.65399746,-122.3074081,-86
47.65399725,-122.3074107,-73
47.65399705,-122.3074133,-72
47.65399608,-122.3074174,-73
47.65399486,-122.3074218,-70
47.65399366,-122.3074263,-69
47.65399245,-122.3074307,-76
47.65399132,-122.3074348,-78
47.653991,-122.3074379,-71
47.653991,-122.3074405,-65
47.653991,-122.3074432,-68
47.653991,-122.3074458,-69
47.653991,-122.3074485,-69
47.65399115,-122.3074541,-75
47.65399135,-122.3074612,-69
47.65399155,-122.3074683,-69
47.65399175,-122.3074753,-71
47.65399196,-122.3074825,-69
47.65399305,-122.3074899,-72
47.65399365,-122.3074933,-69
47.65399427,-122.3074968,-72
47.65399487,-122.3075003,-71
47.65399548,-122.3075037,-71
47.65399665,-122.3075104,-74
47.65399726,-122.3075138,-71
47.65399785,-122.3075172,-76
47.6539997,-122.3075185,-70
47.65400193,-122.3075191,-73
47.65400414,-122.3075197,-67
47.65400637,-122.3075203,-69
47.65400844,-122.3075208,-68
47.65401101,-122.307523,-73
47.65401363,-122.3075256,-68
47.65401626,-122.3075283,-70
47.65401892,-122.3075309,-67
47.65402275,-122.3075353,-70
47.65402376,-122.3075372,-69
47.65402477,-122.307539,-69
47.65402579,-122.3075408,-67
47.65402679,-122.3075426,-69
47.65402813,-122.3075451,-70
47.65402944,-122.3075475,-68
47.65403086,-122.3075502,-70
47.65403228,-122.3075528,-70
47.65403369,-122.3075554,-71
47.65403543,-122.3075589,-71
47.65403897,-122.3075659,-71
47.65404079,-122.3075696,-70
47.6540426,-122.3075732,-70
47.65404332,-122.3075756,-72
47.65404372,-122.3075776,-73
47.65404412,-122.3075796,-74
47.65404453,-122.3075816,-74
47.65405054,-122.3076001,-79
47.65405256,-122.3076059,-72
47.65405456,-122.3076117,-73
47.65405547,-122.3076146,-74
47.65405607,-122.3076166,-78
47.65405668,-122.3076186,-80
47.65405728,-122.3076206,-77
47.65405789,-122.3076226,-77
47.65405866,-122.3076245,-77
47.65405946,-122.3076263,-76
47.65406027,-122.3076281,-81
47.65406181,-122.3076316,-78
47.65406324,-122.3076371,-79
47.65406484,-122.3076437,-81
47.65406645,-122.3076504,-83
47.65406806,-122.307657,-75
47.65406968,-122.3076637,-74
47.65407048,-122.3076668,-79
47.65407109,-122.307669,-78
47.6540717,-122.3076712,-79
47.65407286,-122.3076755,-78
47.65407346,-122.3076779,-77
47.65407407,-122.3076803,-83
47.65407467,-122.3076827,-82
47.65407528,-122.3076851,-82
47.65407589,-122.3076876,-76
47.65407731,-122.3076921,-79
47.65407891,-122.3076971,-81
47.65408051,-122.3077021,-82
47.65408211,-122.3077071,-77
47.65408372,-122.3077121,-79
47.6540845,-122.3077153,-78
47.6540851,-122.3077181,-88
47.65408627,-122.3077236,-81
47.65408688,-122.3077264,-87
47.65408748,-122.3077292,-90
47.65408809,-122.3077321,-85
47.65408869,-122.3077349,-92
47.65408929,-122.3077377,-86
47.6540899,-122.3077405,-79
47.6540905,-122.3077435,-84
47.65409228,-122.3077524,-79
47.65409288,-122.3077554,-83
47.65409382,-122.3077596,-79
47.65409483,-122.307764,-87
47.65409582,-122.3077684,-81
47.65409683,-122.3077729,-79
47.65409783,-122.3077773,-78
47.654098,-122.3077798,-81
47.654098,-122.307782,-76
47.654098,-122.3077842,-77
47.654098,-122.3077865,-79
47.654098,-122.3077887,-79
47.65409952,-122.3078149,-78
47.65409993,-122.3078217,-82
47.65409984,-122.3078245,-77
47.65409963,-122.3078263,-77
47.65409943,-122.3078281,-81
47.65409923,-122.3078299,-74
47.65409903,-122.3078317,-79
47.654099,-122.3078356,-78
47.654099,-122.3078376,-82
47.654099,-122.3078396,-74
47.654099,-122.3078417,-78
47.654099,-122.3078435,-80
47.654099,-122.3078454,-77
47.654099,-122.3078472,-89
47.654099,-122.3078507,-74
47.65409933,-122.3078553,-77
47.65409974,-122.3078606,-78
47.65410014,-122.3078659,-79
47.65410055,-122.3078711,-79
47.65410064,-122.3078835,-86
47.65410043,-122.3078872,-77
47.65410023,-122.3078909,-77
47.65410002,-122.3078946,-81
47.65409951,-122.3078981,-79
47.6540989,-122.307902,-75
47.65409829,-122.3079058,-77
47.65409768,-122.3079097,-75
47.65409707,-122.3079135,-77
47.65409627,-122.3079198,-73
47.65409587,-122.3079231,-75
47.65409546,-122.3079263,-76
47.65409505,-122.3079296,-73
47.65409353,-122.3079351,-72
47.65409272,-122.307938,-74
47.65409192,-122.3079408,-76
47.65409112,-122.3079436,-74
47.65408978,-122.3079489,-71
47.65408703,-122.3079599,-77
47.65408561,-122.3079656,-76
47.65408418,-122.3079713,-74
47.6540829,-122.3079764,-74
47.65408229,-122.3079788,-74
47.65408168,-122.3079813,-73
47.65408107,-122.3079837,-73
47.65408065,-122.3079859,-73
47.65407986,-122.3079903,-77
47.65407946,-122.3079925,-78
47.65407905,-122.3079947,-77
47.65407829,-122.3079973,-80
47.65407672,-122.3080024,-72
47.65407592,-122.308005,-78
47.65407511,-122.3080076,-75
47.65407341,-122.3080108,-72
47.65406986,-122.3080171,-73
47.65406804,-122.3080204,-73
47.65406622,-122.3080236,-71
47.65406492,-122.3080263,-67
47.65406378,-122.3080288,-69
47.65406255,-122.3080315,-70
47.65406133,-122.3080341,-70
47.65406011,-122.3080368,-69
47.65405811,-122.3080396,-69
47.65405585,-122.3080427,-70
47.65405362,-122.3080457,-72
47.65404932,-122.3080516,-68
47.65404762,-122.3080544,-70
47.654046,-122.3080572,-68
47.65404437,-122.3080601,-68
47.65404275,-122.3080629,-71
47.65404124,-122.3080656,-69
47.65403839,-122.3080702,-68
47.65403533,-122.3080751,-72
47.65403228,-122.30808,-68
47.65402945,-122.3080845,-69
47.65402638,-122.3080894,-73
47.65402495,-122.3080918,-70
47.65402371,-122.3080938,-69
47.65402138,-122.3080977,-68
47.65402017,-122.3080997,-69
47.65401879,-122.3081019,-72
47.65401737,-122.3081041,-70
47.65401596,-122.3081064,-72
47.65401454,-122.3081086,-73
47.65401313,-122.3081108,-70
47.65400986,-122.3081156,-70
47.65400663,-122.3081204,-70
47.65400318,-122.3081254,-72
47.65399971,-122.3081305,-70
47.65399428,-122.3081381,-74
47.65399222,-122.3081405,-78
47.65399022,-122.3081429,-71
47.65398821,-122.3081453,-69
47.65398618,-122.3081478,-71
47.65398261,-122.3081525,-76
47.65397901,-122.3081573,-73
47.65397717,-122.3081598,-76
47.65397348,-122.3081624,-72
47.65396985,-122.3081649,-74
47.65396596,-122.3081676,-76
47.65396205,-122.3081702,-74
47.65395844,-122.3081727,-76
47.65395655,-122.3081737,-75
47.65395337,-122.3081753,-80
47.65395172,-122.3081761,-74
47.65394874,-122.3081783,-73
47.65394733,-122.3081797,-77
47.65394591,-122.3081811,-75
47.65394457,-122.3081824,-73
47.65394314,-122.3081839,-80
47.65394059,-122.3081868,-73
47.65393548,-122.3081927,-74
47.65393284,-122.3081957,-70
47.65393018,-122.3081988,-70
47.65392859,-122.3082002,-71
47.65392696,-122.3082017,-70
47.65392532,-122.3082031,-69
47.65392217,-122.3082059,-71
47.65391764,-122.3082085,-74
47.65391269,-122.3082114,-74
47.6539081,-122.3082141,-71
47.6539032,-122.308217,-73
47.65389831,-122.3082198,-74
47.65389641,-122.3082207,-76
47.65389457,-122.3082215,-77
47.65389272,-122.3082223,-76
47.6538909,-122.3082232,-79
47.65388754,-122.3082247,-78
47.6538859,-122.3082256,-76
47.65388428,-122.3082264,-79
47.65388278,-122.3082271,-81
47.65388116,-122.3082279,-77
47.65387936,-122.3082287,-80
47.65387752,-122.3082295,-75
47.65387571,-122.3082304,-78
47.65387388,-122.3082312,-80
47.65386895,-122.3082334,-84
47.65386215,-122.3082366,-78
47.65385874,-122.3082382,-78
47.65385531,-122.3082399,-78
47.65385335,-122.3082402,-80
47.65385156,-122.3082404,-77
47.65384976,-122.3082406,-79
47.65384795,-122.3082408,-88
47.65384611,-122.308241,-84
47.65384295,-122.308242,-80
47.65383971,-122.308243,-80
47.65383351,-122.3082449,-84
47.65383025,-122.3082459,-76
47.65382831,-122.3082464,-79
47.65382648,-122.3082468,-84
47.65382466,-122.3082472,-79
47.65382296,-122.3082476,-85
47.65382113,-122.308248,-83
47.65381611,-122.3082486,-79
47.65381088,-122.3082492,-83
47.65380564,-122.3082498,-81
47.65380036,-122.3082504,-85
47.65379353,-122.308251,-87
47.6537919,-122.308251,-93
47.65379029,-122.308251,-90
47.65378867,-122.308251,-83
47.65378705,-122.308251,-84
47.65378544,-122.308251,-78
47.65378223,-122.308251,-88
47.65377679,-122.3082514,-87
47.6537744,-122.3082518,-81
47.65377197,-122.3082522,-83
47.65376955,-122.3082526,-78
47.65376716,-122.308253,-80
47.65376437,-122.3082538,-80
47.65376154,-122.3082546,-86
47.65375874,-122.3082554,-79
47.65375594,-122.3082562,-79
47.65375312,-122.308257,-77
47.65375127,-122.3082566,-85
47.65374944,-122.3082562,-80
47.65374764,-122.3082558,-77
47.65374583,-122.3082554,-85
47.65374402,-122.308255,-87
47.65373993,-122.3082546,-80
47.65373548,-122.3082542,-76
47.6537311,-122.3082538,-80
47.65372666,-122.3082534,-78
47.65372225,-122.308253,-87
47.65372068,-122.3082528,-83
47.65371927,-122.3082526,-86
47.65371787,-122.3082524,-82
47.65371646,-122.3082522,-87
47.65371506,-122.308252,-91
47.65371344,-122.3082518,-88
47.65371184,-122.3082516,-81
47.65371023,-122.3082514,-92
47.65370862,-122.3082512,-86
47.65370702,-122.308251,-94
47.65370314,-122.308251,-82
47.65370111,-122.308251,-81
47.65369911,-122.308251,-80
47.65369711,-122.308251,-82
47.65369567,-122.3082499,-89
47.65369426,-122.3082487,-88
47.65369286,-122.3082474,-90
47.65369144,-122.3082462,-81
47.65369002,-122.308245,-84
47.65368783,-122.3082436,-81
47.65368564,-122.3082422,-78
47.65368345,-122.3082408,-82
47.65368121,-122.3082394,-98
47.653679,-122.308238,-99
47.65367523,-122.308234,-79
47.65367141,-122.30823,-78
47.65366764,-122.308226,-81
47.65366383,-122.308222,-84
47.65366001,-122.308218,-85
47.6536593,-122.3082172,-92
47.65365859,-122.3082164,-89
47.65365584,-122.3082132,-77
47.65365514,-122.3082124,-74
47.65365443,-122.3082116,-77
47.65365372,-122.3082108,-82
47.65365302,-122.30821,-80
47.65365163,-122.3082084,-79
47.65365022,-122.3082068,-80
47.65364881,-122.3082052,-80
47.65364739,-122.3082036,-74
47.65364598,-122.308202,-79
47.65364447,-122.3082009,-78
47.65364126,-122.3081984,-76
47.65363966,-122.3081972,-72
47.65363803,-122.308196,-77
47.65363585,-122.308194,-76
47.65363363,-122.308192,-78
47.65363143,-122.30819,-79
47.65362923,-122.308188,-71
47.65362703,-122.308186,-72
47.65362522,-122.3081836,-75
47.65362341,-122.3081812,-72
47.65362163,-122.3081788,-75
47.65361982,-122.3081764,-77
47.653618,-122.308174,-75
47.65361618,-122.3081718,-77
47.65361436,-122.3081696,-79
47.65361256,-122.3081674,-75
47.65361075,-122.3081651,-72
47.65360895,-122.3081629,-72
47.65360745,-122.3081607,-75
47.65360584,-122.3081583,-71
47.65360423,-122.3081558,-75
47.65360262,-122.3081534,-73
47.65360099,-122.308151,-76
47.65359918,-122.3081486,-77
47.65359737,-122.3081462,-78
47.65359558,-122.3081438,-75
47.65359376,-122.3081413,-72
47.65359194,-122.308139,-73
47.65358954,-122.3081369,-76
47.65358712,-122.3081349,-78
47.6535847,-122.3081329,-79
47.65357644,-122.3081227,-75
47.65357464,-122.3081195,-73
47.65357284,-122.3081163,-77
47.65357103,-122.3081131,-76
47.65356942,-122.3081102,-76
47.65356781,-122.3081074,-77
47.6535662,-122.3081046,-77
47.65356459,-122.3081018,-77
47.65356298,-122.308099,-75
47.65356139,-122.308095,-73
47.65355977,-122.3080909,-77
47.65355815,-122.3080869,-77
47.65355654,-122.3080828,-77
47.65355488,-122.3080788,-74
47.65354944,-122.3080691,-77
47.65354663,-122.3080641,-83
47.65354382,-122.308059,-86
47.653541,-122.308054,-82
47.65353979,-122.3080518,-87
47.65353857,-122.3080496,-77
47.65353736,-122.3080473,-79
47.65353615,-122.3080451,-78
47.65353493,-122.3080429,-81
47.65353261,-122.3080382,-95
47.6535314,-122.3080358,-81
47.65353019,-122.3080334,-84
47.65352899,-122.308031,-83
47.65352798,-122.3080279,-80
47.65352698,-122.3080249,-82
47.65352597,-122.3080219,-81
47.65352496,-122.3080189,-83
47.65352392,-122.3080158,-78
47.65352211,-122.3080112,-86
47.65352029,-122.3080065,-81
47.6535168,-122.3079976,-77
47.65351499,-122.307993,-78
47.65351317,-122.3079885,-78
47.65351136,-122.3079841,-85
47.65350956,-122.3079797,-78
47.65350773,-122.3079752,-79
47.65350594,-122.3079709,-77
47.65350472,-122.3079686,-77
47.65350239,-122.3079644,-81
47.65350118,-122.3079622,-77
47.65349997,-122.3079599,-78
47.65349876,-122.3079575,-76
47.65349754,-122.3079551,-73
47.65349634,-122.3079527,-78
47.65349513,-122.3079503,-77
47.65349387,-122.3079478,-75
47.65348857,-122.3079414,-79
47.65348676,-122.3079392,-75
47.65348492,-122.3079369,-80
47.6534825,-122.3079337,-79
47.65348009,-122.3079305,-85
47.65347769,-122.3079273,-78
47.6534753,-122.3079241,-79
47.65347292,-122.307921,-95
47.6534711,-122.3079199,-93
47.65346929,-122.3079189,-86
47.65346748,-122.3079179,-89
47.65346567,-122.3079169,-87
47.65346378,-122.3079159,-91
47.65346077,-122.3079138,-92
47.65345777,-122.3079118,-83
47.65345477,-122.3079098,-79
47.65345176,-122.3079078,-84
47.65344889,-122.307906,-79
47.65344707,-122.3079056,-79
47.65344526,-122.3079052,-80
47.65344345,-122.3079048,-81
47.65344164,-122.3079044,-80
47.65343954,-122.3079037,-83
47.65341904,-122.3078903,-77
47.65341395,-122.307887,-84
47.65341253,-122.3078859,-95
47.65341111,-122.3078849,-82
47.6534097,-122.3078839,-79
47.65340829,-122.3078829,-85
47.65340687,-122.3078819,-99
47.65340526,-122.3078811,-83
47.65340366,-122.3078803,-80
47.65340206,-122.3078795,-84
47.65340045,-122.3078787,-88
47.65339886,-122.3078779,-84
47.65339746,-122.3078771,-78
47.65339606,-122.3078763,-78
47.65339466,-122.3078755,-88
47.65339327,-122.3078747,-88
47.65339167,-122.3078738,-84
47.65338827,-122.3078718,-92
47.65338486,-122.3078698,-81
47.65338146,-122.3078678,-85
47.65337812,-122.3078658,-93
47.65337485,-122.307864,-85
47.65337325,-122.307864,-82
47.65337165,-122.307864,-88
47.65337005,-122.307864,-94
47.65336844,-122.307864,-92
47.65336653,-122.3078639,-88
47.65336172,-122.3078625,-98
47.65335692,-122.3078611,-87
47.65335214,-122.3078597,-88
47.65334734,-122.3078583,-83
47.65334289,-122.307857,-83
47.6533417,-122.3078566,-85
47.6533405,-122.3078562,-83
47.65333929,-122.3078558,-89
47.65333809,-122.3078554,-88
47.65330676,-122.3079927,-97
47.65330636,-122.3079955,-90
47.6533059,-122.3079987,-96
47.6533051,-122.308005,-84
47.65330429,-122.3080113,-91
47.65330354,-122.3080171,-85
47.65330274,-122.3080233,-89
47.65330196,-122.3080292,-82
47.65330156,-122.3080314,-88
47.65330115,-122.3080337,-88
47.65330075,-122.3080359,-85
47.65330035,-122.3080381,-87
47.65329995,-122.3080403,-80
47.65329955,-122.3080427,-85
47.65329914,-122.3080451,-86
47.65329874,-122.3080476,-83
47.65329834,-122.30805,-83
47.65329794,-122.3080526,-83
47.65329677,-122.3080643,-83
47.65329637,-122.3080683,-85
47.65329726,-122.3080802,-84
47.65329766,-122.3080828,-83
47.65329782,-122.3080854,-89
47.65329662,-122.308088,-81
47.65329302,-122.3080958,-81
47.65329173,-122.3080986,-80
47.65328451,-122.3081138,-85
47.65328294,-122.3081174,-80
47.65328254,-122.3081198,-85
47.65328214,-122.3081222,-83
47.65328173,-122.3081246,-92
47.65328136,-122.3081268,-85
47.65328067,-122.3081294,-87
47.65326773,-122.3081484,-89
47.65326211,-122.3081629,-85
47.65325283,-122.3081843,-97
47.65325203,-122.3081875,-82
47.65325223,-122.3081965,-89
47.65325243,-122.3082055,-85
47.65325262,-122.308214,-91
47.65325282,-122.3082231,-82
47.65325305,-122.3082314,-82
47.65325345,-122.308235,-83
47.65325385,-122.3082386,-88
47.65325425,-122.3082422,-85
47.65325465,-122.3082459,-82
47.653255,-122.3082494,-88
47.653255,-122.3082522,-88
47.653255,-122.3082551,-84
47.653255,-122.3082579,-92
47.653255,-122.3082607,-85
47.65325518,-122.3082632,-81
47.65325612,-122.3082643,-84
47.65325713,-122.3082656,-84
47.65325814,-122.3082668,-87
47.65325915,-122.308268,-83
47.65326016,-122.3082692,-83
47.65326117,-122.3082704,-83
47.65326217,-122.3082716,-81
47.65326317,-122.3082728,-88
47.65326419,-122.308274,-81
47.65326614,-122.3082764,-81
47.65326714,-122.3082776,-81
47.65326817,-122.3082788,-81
47.65326917,-122.30828,-95
47.65327018,-122.3082813,-76
47.65327119,-122.3082827,-76
47.65327219,-122.3082841,-84
47.65327413,-122.3082868,-94
47.65327514,-122.3082882,-87
47.65327616,-122.3082894,-82
47.65327717,-122.3082906,-86
47.65327818,-122.3082918,-90
47.65327919,-122.308293,-85
47.65328103,-122.3082944,-88
47.65328593,-122.3082965,-80
47.65329127,-122.3082988,-82
47.65329655,-122.308301,-84
47.65330179,-122.3083032,-83
47.65330577,-122.3083052,-88
47.65330456,-122.308306,-87
47.65330344,-122.3083067,-83
47.65330223,-122.3083075,-92
47.65330102,-122.3083083,-91
47.65329997,-122.3083097,-84
47.65329977,-122.3083139,-88
47.65329956,-122.3083181,-90
47.65329936,-122.3083224,-85
47.65329916,-122.3083266,-90
47.65329968,-122.3083305,-90
47.6533031,-122.3083329,-84
47.65330631,-122.3083352,-87
47.65330974,-122.3083376,-76
47.65331314,-122.30834,-80
47.65331621,-122.308342,-76
47.65331741,-122.3083422,-73
47.65331862,-122.3083424,-79
47.65331983,-122.3083426,-76
47.65332104,-122.3083428,-78
47.65332231,-122.308343,-84
47.65332503,-122.3083434,-84
47.65332644,-122.3083436,-82
47.65332784,-122.3083438,-88
47.65332921,-122.308344,-84
47.65333041,-122.3083442,-81
47.65333162,-122.3083444,-83
47.65333285,-122.3083446,-81
47.65333405,-122.3083448,-85
47.65333527,-122.308345,-82
47.6533376,-122.3083454,-77
47.65333882,-122.3083456,-77
47.65334003,-122.3083458,-79
47.65334289,-122.3083467,-88
47.6533528,-122.3083506,-81
47.65336273,-122.3083544,-84
47.65337258,-122.3083582,-78
47.65339024,-122.3083651,-81
47.65339164,-122.3083657,-79
47.65339307,-122.3083663,-77
47.65339448,-122.3083669,-76
47.65339591,-122.3083675,-82
47.65339733,-122.3083682,-77
47.65339936,-122.3083692,-82
47.65340142,-122.3083702,-75
47.65340344,-122.3083712,-75
47.65340545,-122.3083722,-75
47.65340935,-122.3083742,-75
47.65341135,-122.3083752,-79
47.65341338,-122.3083762,-79
47.65341541,-122.3083772,-83
47.65341749,-122.3083783,-91
47.65341971,-122.3083795,-86
47.65342399,-122.3083818,-77
47.65342623,-122.308383,-78
47.6534287,-122.3083844,-78
47.65343196,-122.3083865,-75
47.65343816,-122.3083904,-77
47.65344141,-122.3083924,-74
47.65344456,-122.3083943,-77
47.65344718,-122.3083957,-73
47.65344983,-122.3083971,-79
47.65345226,-122.3083984,-79
47.65345487,-122.3083999,-75
47.65345816,-122.3084011,-74
47.65346399,-122.3084017,-72
47.65346985,-122.3084023,-74
47.65347575,-122.3084029,-81
47.65348163,-122.3084035,-74
47.6534895,-122.3084031,-79
47.65349112,-122.3084027,-82
47.65349273,-122.3084023,-80
47.65349531,-122.3084017,-76
47.65350118,-122.3084003,-75
47.653507,-122.3083989,-74
47.65351282,-122.3083975,-79
47.65351867,-122.308396,-79
47.65352516,-122.3083945,-81
47.65352699,-122.3083941,-77
47.65352882,-122.3083937,-77
47.65353064,-122.3083933,-80
47.65353301,-122.3083921,-79
47.65353702,-122.3083887,-80
47.65354882,-122.3083787,-76
47.6535524,-122.3083755,-74
47.65355422,-122.3083733,-77
47.65355605,-122.3083711,-81
47.65355786,-122.3083688,-80
47.65355967,-122.3083666,-79
47.65356243,-122.308364,-73
47.65356751,-122.3083604,-75
47.65357298,-122.3083566,-84
47.65357846,-122.3083527,-79
47.65358396,-122.3083488,-76
47.65358841,-122.3083455,-75
47.65359152,-122.308342,-73
47.65359323,-122.3083401,-79
47.65359703,-122.3083362,-77
47.65360209,-122.3083324,-79
47.65360708,-122.3083286,-75
47.65361211,-122.3083248,-76
47.65361713,-122.3083209,-79
47.65362139,-122.3083177,-76
47.65362299,-122.3083165,-80
47.65362459,-122.3083153,-78
47.6536262,-122.3083141,-77
47.65362783,-122.3083129,-75
47.65363044,-122.3083113,-76
47.65364053,-122.3083067,-78
47.65364577,-122.3083043,-78
47.65365094,-122.3083019,-79
47.65365542,-122.3082999,-81
47.65365723,-122.3082993,-77
47.65365901,-122.3082987,-87
47.65366082,-122.3082981,-83
47.65366263,-122.3082975,-82
47.65366493,-122.3082967,-88
47.65366856,-122.3082955,-80
47.6536722,-122.3082943,-80
47.65367584,-122.3082931,-83
47.6536825,-122.3082908,-91
47.65368473,-122.3082898,-81
47.65368694,-122.3082888,-85
47.65368915,-122.3082878,-82
47.65369136,-122.3082867,-83
47.65369352,-122.3082857,-87
47.65369553,-122.3082847,-84
47.65369756,-122.3082837,-84
47.65369955,-122.3082827,-84
47.65370154,-122.3082817,-86
47.65370413,-122.3082805,-84
47.65370816,-122.3082789,-78
47.65371613,-122.3082757,-91
47.65372015,-122.3082741,-78
47.65372351,-122.3082731,-81
47.65372531,-122.3082733,-80
47.65372713,-122.3082735,-82
47.65373238,-122.308274,-89
47.653734,-122.308274,-79
47.65373561,-122.308274,-77
47.65373721,-122.308274,-79
47.65373883,-122.308274,-79
47.65374071,-122.3082743,-82
47.65383672,-122.3082499,-74
47.65384231,-122.3082467,-77
47.65384775,-122.308244,-78
47.65385054,-122.308244,-78
47.65385336,-122.308244,-74
47.65387864,-122.3082357,-75
47.65388361,-122.3082337,-71
47.65388586,-122.3082327,-73
47.65388825,-122.3082317,-73
47.65389295,-122.3082294,-76
47.65389733,-122.308227,-70
47.65389953,-122.3082258,-73
47.65390169,-122.3082247,-69
47.65390367,-122.3082237,-72
47.65390756,-122.3082217,-70
47.65390957,-122.3082207,-70
47.65391208,-122.3082198,-72
47.65391597,-122.3082192,-72
47.6539198,-122.3082186,-71
47.6539236,-122.308218,-72
47.65392739,-122.3082174,-74
47.65393032,-122.3082165,-71
47.65393133,-122.3082149,-70
47.65393234,-122.3082133,-68
47.65393334,-122.3082117,-72
47.65393428,-122.3082101,-72
47.65393581,-122.3082084,-73
47.65393861,-122.3082062,-72
47.65394144,-122.3082039,-78
47.65394424,-122.3082017,-77
47.65394705,-122.3081995,-72
47.65394949,-122.3081976,-76
47.65395109,-122.3081962,-75
47.65395271,-122.3081948,-76
47.65395431,-122.3081934,-79
47.65395594,-122.3081919,-73
47.65395847,-122.3081897,-76
47.65396283,-122.308186,-77
47.65396726,-122.3081821,-76
47.65397172,-122.3081783,-71
47.65397608,-122.3081745,-72
47.65397953,-122.3081715,-76
47.65398113,-122.3081701,-72
47.65398273,-122.3081687,-76
47.65398433,-122.3081673,-80
47.65398597,-122.3081659,-81
47.65398882,-122.3081632,-75
47.65399023,-122.3081618,-80
47.65399165,-122.3081604,-81
47.65399307,-122.3081589,-78
47.65399435,-122.3081573,-72
47.65399536,-122.3081553,-70
47.6539963,-122.3081534,-69
47.65399732,-122.3081514,-76
47.65399832,-122.3081494,-71
47.65399986,-122.3081471,-71
47.65400251,-122.3081442,-71
47.65400516,-122.3081414,-67
47.65401018,-122.308136,-67
47.65401238,-122.3081335,-69
47.65401359,-122.3081319,-71
47.6540148,-122.3081303,-71
47.65401602,-122.3081286,-69
47.65401724,-122.308127,-69
47.65401937,-122.308125,-69
47.6540238,-122.3081218,-70
47.65402826,-122.3081185,-73
47.65403274,-122.3081153,-70
47.65403715,-122.3081121,-68
47.65404058,-122.3081098,-70
47.6540422,-122.3081092,-74
47.65404532,-122.308108,-75
47.65404693,-122.3081074,-69
47.65404847,-122.3081067,-76
47.65404989,-122.3081059,-74
47.65405129,-122.3081051,-74
47.6540527,-122.3081043,-79
47.65405413,-122.3081035,-79
47.65405592,-122.3081033,-73
47.65405875,-122.3081043,-75
47.65406161,-122.3081054,-83
47.65406443,-122.3081064,-85
47.65406727,-122.3081074,-83
47.65406977,-122.3081088,-81
47.65407221,-122.3081115,-78
47.65407462,-122.3081141,-85
47.65407705,-122.3081167,-79
47.65407948,-122.3081194,-86
47.65408206,-122.3081226,-79
47.65408488,-122.3081268,-88
47.6540877,-122.3081311,-85
47.65409034,-122.308135,-80
47.65409317,-122.3081393,-85
47.6540955,-122.3081428,-80
47.65409692,-122.308145,-87
47.65409831,-122.3081472,-77
47.65409975,-122.3081495,-84
47.65410114,-122.3081516,-77
47.65410262,-122.3081538,-75
47.65410412,-122.3081557,-74
47.65410574,-122.3081577,-76
47.65410736,-122.3081597,-76
47.65410898,-122.3081617,-75
47.65410993,-122.3081641,-75
47.65410973,-122.3081671,-77
47.65410953,-122.3081701,-75
47.65410932,-122.3081731,-82
47.65410893,-122.3081791,-79
47.65410873,-122.3081821,-82
47.65410853,-122.3081851,-79
47.65410833,-122.3081881,-85
47.65410813,-122.3081911,-94
47.65410793,-122.308194,-82
47.65410772,-122.3081966,-86
47.65410752,-122.3081992,-90
47.65410732,-122.3082019,-80
47.65410693,-122.308207,-83
47.65410673,-122.3082098,-79
47.65410653,-122.3082126,-79
47.65410633,-122.3082154,-83
47.65410613,-122.3082182,-84
47.65410554,-122.3082213,-77
47.65410432,-122.3082248,-79
47.65410311,-122.3082282,-75
47.65410198,-122.3082314,-78
47.65409949,-122.3082385,-74
47.65409808,-122.3082428,-78
47.65409666,-122.308247,-76
47.65409525,-122.3082513,-75
47.65409382,-122.3082555,-71
47.6540925,-122.3082588,-73
47.65409138,-122.3082607,-75
47.65409015,-122.3082627,-77
47.65408895,-122.3082647,-81
47.65408774,-122.3082668,-76
47.65408668,-122.3082698,-76
47.65408511,-122.3082788,-76
47.6540843,-122.3082835,-77
47.6540835,-122.3082881,-77
47.65408284,-122.3082922,-75
47.65408244,-122.3082952,-73
47.65408203,-122.3082982,-72
47.65408166,-122.3083011,-73
47.65408126,-122.3083041,-79
47.65408054,-122.3083075,-76
47.65407932,-122.3083116,-75
47.65407811,-122.3083156,-72
47.6540769,-122.3083197,-78
47.65407456,-122.3083274,-72
47.65407334,-122.3083312,-73
47.65407213,-122.3083351,-76
47.65407092,-122.3083389,-78
47.6540697,-122.3083428,-80
47.65406708,-122.3083497,-78
47.65406568,-122.3083531,-76
47.65406426,-122.3083565,-75
47.65406283,-122.30836,-76
47.6540615,-122.3083637,-76
47.6540603,-122.3083677,-72
47.65405909,-122.3083717,-78
47.65405675,-122.3083795,-81
47.65405584,-122.308383,-76
47.65405544,-122.3083854,-75
47.65405504,-122.3083878,-76
47.65405463,-122.3083902,-80
47.65405423,-122.3083926,-78
47.6540515,-122.3084004,-81
47.65404967,-122.3084051,-75
47.65404785,-122.3084097,-81
47.65404603,-122.3084144,-77
47.65404465,-122.3084179,-80
47.65404384,-122.3084199,-74
47.65404229,-122.3084238,-76
47.65404148,-122.3084258,-76
47.65404027,-122.3084288,-74
47.65403845,-122.3084332,-73
47.65403663,-122.3084377,-81
47.65403484,-122.3084421,-76
47.65403304,-122.3084465,-80
47.65403174,-122.3084503,-80
47.65403114,-122.3084533,-78
47.65403054,-122.3084563,-82
47.65402994,-122.3084593,-80
47.65402933,-122.3084624,-77
47.65402844,-122.3084701,-81
47.65402804,-122.3084746,-78
47.65402763,-122.308479,-76
47.65402723,-122.3084835,-79
47.65402648,-122.3084876,-77
47.65402527,-122.3084912,-77
47.65402405,-122.3084948,-81
47.65402286,-122.3084984,-82
47.65402005,-122.3085059,-74
47.65401764,-122.3085107,-79
47.65401525,-122.3085155,-83
47.65401284,-122.3085203,-78
47.65401044,-122.3085251,-77
47.65400851,-122.3085289,-81
47.65400729,-122.3085311,-76
47.65400608,-122.3085334,-88
47.65400487,-122.3085356,-89
47.65400367,-122.3085378,-82
47.65400247,-122.30854,-86
47.65400125,-122.3085422,-81
47.65400004,-122.3085444,-90
47.65399154,-122.3085616,-82
47.65398992,-122.308565,-80
47.65398866,-122.3085686,-77
47.65398784,-122.3085722,-76
47.65398704,-122.3085758,-79
47.65398624,-122.3085794,-79
47.65398545,-122.308583,-86
47.653985,-122.308586,-92
47.653985,-122.3085903,-80
47.653985,-122.3085926,-82
47.653985,-122.3085948,-96
47.65398472,-122.3086043,-77
47.65398451,-122.3086101,-77
47.65398431,-122.308616,-81
47.65398411,-122.3086218,-85
47.65398362,-122.3086252,-83
47.65398206,-122.308626,-73
47.65398125,-122.3086264,-79
47.65398044,-122.3086268,-77
47.65397963,-122.3086279,-87
47.65397806,-122.3086318,-79
47.65397724,-122.3086339,-75
47.65397644,-122.3086359,-77
47.65397534,-122.3086372,-77
47.65397393,-122.3086376,-76
47.65397254,-122.308638,-87
47.6539712,-122.3086384,-79
47.65396978,-122.3086388,-78
47.65396685,-122.3086391,-74
47.65396218,-122.3086393,-76
47.65395324,-122.3086397,-78
47.6539486,-122.3086399,-79
47.65394371,-122.3086406,-77
47.65393867,-122.3086421,-88
47.65393359,-122.3086435,-81
47.65392856,-122.3086449,-78
47.65391994,-122.3086474,-78
47.65391748,-122.3086485,-89
47.65391503,-122.3086495,-79
47.65391262,-122.3086505,-81
47.65391036,-122.3086514,-79
47.65390768,-122.3086501,-77
47.65390466,-122.3086456,-76
47.65390162,-122.3086412,-74
47.65389859,-122.3086367,-77
47.65389555,-122.3086323,-79
47.6538928,-122.3086289,-80
47.65388814,-122.3086246,-83
47.65388574,-122.3086224,-81
47.65388329,-122.3086202,-77
47.65388086,-122.3086179,-83
47.65387844,-122.3086154,-77
47.653876,-122.308613,-84
47.65387118,-122.3086082,-85
47.6538675,-122.3086049,-79
47.65386188,-122.3086,-78
47.65385618,-122.3085952,-96
47.65385048,-122.3085903,-78
47.65384486,-122.3085854,-81
47.6538413,-122.3085822,-82
47.6538399,-122.3085806,-78
47.65383417,-122.3085735,-102
47.65383235,-122.3085703,-83
47.65383052,-122.308567,-79
47.6538287,-122.3085638,-77
47.65382688,-122.3085606,-87
47.65382251,-122.3085538,-87
47.65382006,-122.3085501,-78
47.65381762,-122.3085464,-81
47.65381516,-122.3085427,-86
47.65381174,-122.3085424,-82
47.65380731,-122.3085453,-80
47.65379874,-122.3085507,-86
47.65379427,-122.3085536,-87
47.6537913,-122.3085547,-88
47.65378989,-122.3085541,-91
47.65378848,-122.3085535,-82
47.65378573,-122.3085523,-93
47.65378431,-122.3085517,-94
47.65378288,-122.3085511,-86
47.65378015,-122.3085499,-93
47.65377873,-122.3085493,-88
47.65377672,-122.3085484,-93
47.65377411,-122.3085472,-86
47.65377148,-122.308546,-86
47.65376639,-122.3085436,-81
47.65376403,-122.308543,-87
47.65376198,-122.308543,-85
47.65375993,-122.308543,-82
47.65375804,-122.308543,-94
47.65375603,-122.308543,-88
47.6537538,-122.3085424,-86
47.65375134,-122.3085412,-93
47.65374894,-122.30854,-90
47.65374426,-122.3085376,-83
47.65374152,-122.308535,-84
47.6537385,-122.308531,-91
47.65373544,-122.3085269,-85
47.6537324,-122.3085229,-97
47.65372723,-122.3085157,-87
47.65372561,-122.3085131,-88
47.65372398,-122.3085105,-84
47.65372236,-122.3085078,-94
47.65372075,-122.3085052,-81
47.65371923,-122.3085026,-88
47.6537176,-122.3084998,-82
47.65371599,-122.308497,-94
47.65371436,-122.3084941,-85
47.65371275,-122.3084913,-81
47.65371189,-122.3084886,-83
47.6537117,-122.3084861,-80
47.6537115,-122.3084835,-87
47.65371129,-122.3084808,-80
47.65370972,-122.3084758,-75
47.65370704,-122.3084733,-81
47.65370438,-122.3084709,-78
47.65370194,-122.3084686,-85
47.65369926,-122.3084662,-80
47.65369671,-122.308464,-77
47.65369426,-122.3084622,-71
47.65369198,-122.3084605,-74
47.65368955,-122.3084587,-75
47.65368713,-122.3084568,-80
47.6536846,-122.3084551,-95
47.65368194,-122.3084535,-74
47.65367429,-122.3084488,-80
47.65367258,-122.3084463,-81
47.65367176,-122.308443,-78
47.65366832,-122.3084308,-76
47.65366713,-122.3084286,-73
47.65366479,-122.3084243,-83
47.65366357,-122.308422,-77
47.65366226,-122.3084193,-86
47.65366084,-122.3084161,-85
47.65365945,-122.3084129,-83
47.65365805,-122.3084097,-87
47.65365665,-122.3084065,-89
47.65365558,-122.3084038,-82
47.65365478,-122.3084016,-83
47.65365396,-122.3083994,-80
47.65365316,-122.3083972,-84
47.65365235,-122.308395,-77
47.65365211,-122.3083925,-82
47.65365231,-122.3083897,-89
47.65365251,-122.3083869,-79
47.65365271,-122.3083841,-79
47.65365291,-122.3083812,-78
47.65365346,-122.3083778,-83
47.65365425,-122.308374,-80
47.65365505,-122.3083703,-84
47.65365585,-122.3083664,-82
47.65365952,-122.3083459,-79
47.65366053,-122.3083398,-90
47.65366154,-122.3083338,-90
47.6536635,-122.3083281,-86
47.65366635,-122.3083226,-86
47.65366918,-122.3083171,-85
47.65367201,-122.3083117,-81
47.65367694,-122.3083026,-89
47.65367875,-122.3083,-82
47.65368058,-122.3082974,-84
47.65368239,-122.3082948,-87
47.65368421,-122.3082921,-85
47.65368593,-122.3082893,-92
47.65368754,-122.3082862,-85
47.65368915,-122.3082832,-86
47.65369417,-122.3082739,-88
47.65369637,-122.3082699,-85
47.65369856,-122.3082659,-77
47.65370076,-122.3082619,-88
47.653704,-122.3082559,-82
47.653704,-122.3082557,-82
47.653704,-122.3082555,-86
47.653704,-122.3082553,-84
47.653704,-122.3082551,-85
47.65370493,-122.3082537,-88
47.65370654,-122.3082515,-85
47.65370805,-122.3082494,-91
47.65370967,-122.3082472,-79
47.65371126,-122.308245,-82
47.65371286,-122.3082446,-84
47.65371448,-122.3082459,-98
47.65371607,-122.3082471,-83
47.65371767,-122.3082483,-80
47.65371928,-122.3082495,-82
47.65372144,-122.3082504,-85
47.65372404,-122.3082512,-93
47.65372666,-122.308252,-93
47.6537293,-122.3082529,-83
47.65373192,-122.3082537,-86
47.65373576,-122.3082546,-90
47.65374471,-122.3082565,-85
47.65374934,-122.3082576,-92
47.65375398,-122.3082586,-83
47.6537568,-122.3082591,-83
47.65375822,-122.3082593,-87
47.65375964,-122.3082595,-88
47.65376105,-122.3082597,-84
47.65376237,-122.3082599,-91
47.65376376,-122.30826,-88
47.65376518,-122.30826,-78
47.65376659,-122.30826,-85
47.653768,-122.30826,-82
47.65376942,-122.30826,-82
47.653773,-122.3082606,-83
47.65377803,-122.3082616,-80
47.65378308,-122.3082626,-80
47.65378781,-122.3082636,-83
47.65379283,-122.3082646,-85
47.65379601,-122.3082652,-76
47.65379783,-122.3082656,-93
47.65379964,-122.308266,-79
47.65380145,-122.3082664,-77
47.65380327,-122.3082668,-80
47.65380507,-122.3082672,-80
47.6538069,-122.3082676,-74
47.65380873,-122.3082681,-80
47.6538104,-122.3082684,-79
47.65381413,-122.3082689,-76
47.65381615,-122.3082687,-77
47.65381816,-122.3082685,-83
47.65382019,-122.3082683,-75
47.65382221,-122.3082681,-95
47.65382487,-122.3082679,-78
47.65382769,-122.3082677,-78
47.65383071,-122.3082675,-77
47.65383377,-122.3082673,-72
47.65383679,-122.3082671,-74
47.65383898,-122.3082665,-75
47.65384057,-122.3082657,-78
47.6538422,-122.3082649,-80
47.65384382,-122.3082641,-76
47.65384531,-122.3082633,-82
47.65384821,-122.3082628,-79
47.65385205,-122.3082624,-77
47.6538559,-122.308262,-79
47.65385976,-122.3082616,-77
47.65386592,-122.3082604,-75
47.65386754,-122.3082594,-75
47.65386916,-122.3082584,-77
47.65387077,-122.3082574,-75
47.65387237,-122.3082564,-73
47.65387591,-122.3082544,-72
47.6538807,-122.3082518,-72
47.65388556,-122.3082492,-75
47.65389043,-122.3082466,-70
47.65389523,-122.308244,-74
47.65389803,-122.3082422,-71
47.65390113,-122.3082399,-70
47.65390274,-122.3082387,-70
47.65390595,-122.3082363,-69
47.65390756,-122.3082351,-76
47.65390917,-122.3082339,-77
47.65391079,-122.3082327,-75
47.65391239,-122.3082315,-72
47.65391374,-122.3082304,-72
47.65391494,-122.3082294,-72
47.65391615,-122.3082284,-72
47.65391735,-122.3082274,-73
47.65391855,-122.3082264,-80
47.65392106,-122.3082247,-87
47.65392428,-122.3082227,-76
47.65392749,-122.3082207,-71
47.6539307,-122.3082187,-71
47.65393369,-122.3082168,-74
47.65393584,-122.3082152,-79
47.65393723,-122.3082138,-77
47.65393864,-122.3082124,-73
47.65394005,-122.3082109,-73
47.65394146,-122.3082095,-72
47.65394397,-122.3082075,-73
47.6539472,-122.3082051,-74
47.65395042,-122.3082027,-71
47.65395363,-122.3082003,-69
47.65395687,-122.3081978,-68
47.65395905,-122.3081958,-73
47.65396066,-122.308194,-70
47.65396227,-122.3081922,-74
47.65396377,-122.3081905,-78
47.65396538,-122.3081887,-73
47.65396822,-122.3081852,-71
47.65397182,-122.3081806,-76
47.65397544,-122.3081759,-75
47.65397905,-122.3081713,-72
47.65398269,-122.3081667,-70
47.65398465,-122.3081641,-71
47.65398565,-122.3081627,-68
47.65398666,-122.3081613,-70
47.65398861,-122.3081585,-67
47.65398961,-122.308157,-70
47.65399062,-122.3081554,-69
47.65399162,-122.3081538,-70
47.65399262,-122.3081522,-69
47.65399363,-122.3081506,-67
47.65399514,-122.3081482,-67
47.65399697,-122.3081454,-66
47.65399877,-122.3081426,-67
47.65400059,-122.3081397,-67
47.6540024,-122.3081369,-69
47.65400435,-122.3081337,-68
47.65400634,-122.3081303,-68
47.65400824,-122.3081271,-69
47.65401023,-122.3081237,-71
47.65401225,-122.3081203,-72
47.65401493,-122.3081157,-71
47.65401793,-122.3081105,-69
47.65402097,-122.3081052,-73
47.65402401,-122.3080999,-69
47.65402697,-122.3080948,-68
47.65402866,-122.3080917,-71
47.65402966,-122.3080897,-75
47.65403067,-122.3080877,-69
47.65403167,-122.3080857,-73
47.65403267,-122.3080837,-71
47.65403367,-122.3080817,-68
47.65403562,-122.3080778,-72
47.65403664,-122.3080757,-68
47.65403764,-122.3080737,-71
47.65403904,-122.3080676,-71
47.65404064,-122.3080591,-72
47.65404226,-122.3080506,-72
47.65404387,-122.3080422,-71
47.65404548,-122.3080337,-75
47.65404655,-122.3080298,-72
47.65404734,-122.308028,-74
47.65404816,-122.3080261,-71
47.6540489,-122.3080245,-72
47.65404972,-122.3080226,-76
47.65405053,-122.3080207,-76
47.65405134,-122.3080187,-79
47.65405215,-122.3080166,-75
47.65405295,-122.3080146,-73
47.65405375,-122.3080126,-74
47.65405513,-122.3080076,-75
47.65405663,-122.3080018,-71
47.65405826,-122.3079955,-72
47.65405988,-122.3079892,-70
47.65406149,-122.307983,-70
47.65406256,-122.3079783,-73
47.65406331,-122.3079748,-75
47.65406412,-122.3079709,-81
47.65406492,-122.3079671,-79
47.65406574,-122.3079633,-79
47.65406654,-122.3079595,-77
47.65406734,-122.3079556,-78
47.65406814,-122.3079518,-83
47.65406894,-122.307948,-77
47.65406974,-122.3079442,-78
47.65407081,-122.30794,-73
47.65407202,-122.3079356,-74
47.65407323,-122.3079312,-86
47.65407441,-122.3079268,-80
47.65407562,-122.3079224,-87
47.65407614,-122.3079173,-86
47.65407634,-122.3079119,-89
47.65407654,-122.3079064,-78
47.65407674,-122.307901,-77
47.65407694,-122.3078955,-77
47.654077,-122.307892,-80
47.654077,-122.3078866,-82
47.654077,-122.3078838,-79
47.654077,-122.3078809,-89
47.65407713,-122.3078781,-79
47.65407733,-122.3078753,-79
47.65407753,-122.3078725,-77
47.65407774,-122.3078697,-75
47.65407794,-122.3078669,-75
47.65407793,-122.3078631,-72
47.65407783,-122.307859,-77
47.65407773,-122.3078549,-73
47.65407763,-122.3078508,-74
47.65407753,-122.3078467,-76
47.65407743,-122.3078426,-77
47.65407733,-122.3078385,-79
47.65407723,-122.3078343,-76
47.65407713,-122.3078303,-81
47.65407703,-122.3078262,-75
47.654077,-122.3078232,-77
47.654077,-122.307821,-78
47.654077,-122.3078186,-81
47.654077,-122.3078162,-81
47.654077,-122.3078085,-79
47.654077,-122.3078016,-83
47.654077,-122.3077947,-76
47.654077,-122.3077879,-90
47.654077,-122.307781,-79
47.65407629,-122.3077781,-79
47.65407528,-122.3077769,-79
47.65407428,-122.3077757,-80
47.65407327,-122.3077745,-84
47.65407227,-122.3077733,-82
47.65407127,-122.3077695,-77
47.65406932,-122.3077601,-76
47.65406832,-122.3077553,-80
47.65406731,-122.3077505,-77
47.65406714,-122.307747,-74
47.65406734,-122.3077442,-72
47.65406754,-122.3077414,-71
47.65406774,-122.3077386,-74
47.65406795,-122.3077358,-72
47.65406858,-122.3077322,-69
47.65406939,-122.3077284,-73
47.65407175,-122.3077172,-75
47.65407311,-122.3077146,-76
47.6540747,-122.3077126,-75
47.65407631,-122.3077106,-74
47.65407792,-122.3077086,-75
47.65407954,-122.3077066,-82
47.65407899,-122.3077027,-77
47.65407758,-122.307698,-77
47.65407618,-122.3076934,-79
47.65407477,-122.3076888,-76
47.65407336,-122.3076842,-79
47.65407031,-122.3076674,-78
47.65406931,-122.3076616,-78
47.6540683,-122.3076558,-74
47.65406715,-122.3076529,-78
47.65406594,-122.3076513,-78
47.65406472,-122.3076496,-74
47.65406351,-122.307648,-78
47.65406231,-122.3076464,-79
47.65406079,-122.3076409,-75
47.6540592,-122.3076341,-84
47.65405763,-122.3076274,-76
47.65405603,-122.3076206,-76
47.65405441,-122.3076137,-75
47.6540534,-122.3076103,-76
47.6540526,-122.3076081,-77
47.6540518,-122.3076059,-77
47.654051,-122.3076037,-78
47.65405019,-122.3076015,-79
47.65404864,-122.3075973,-72
47.65404783,-122.307595,-76
47.65404703,-122.3075928,-75
47.65404622,-122.3075906,-73
47.6540445,-122.3075861,-72
47.65404247,-122.3075808,-70
47.65403658,-122.3075655,-76
47.65403542,-122.3075624,-74
47.65403462,-122.3075602,-70
47.6540338,-122.3075579,-71
47.65403299,-122.3075557,-76
47.65403143,-122.3075514,-71
47.65403062,-122.3075492,-72
47.65402982,-122.307547,-75
47.65402901,-122.3075448,-71
47.65402819,-122.3075425,-75
47.65402708,-122.3075405,-69
47.65402587,-122.3075384,-69
47.65402467,-122.3075364,-69
47.65402353,-122.3075345,-70
47.65402233,-122.3075325,-69
47.65402112,-122.3075305,-67
47.65401991,-122.3075285,-67
47.65401869,-122.3075265,-67
47.65401748,-122.3075245,-68
47.65401514,-122.3075203,-69
47.65401392,-122.3075178,-69
47.6540127,-122.3075154,-66
47.65401147,-122.3075129,-72
47.65401026,-122.3075105,-75
47.65400673,-122.307504,-70
47.65400552,-122.3075018,-67
47.65400432,-122.3074996,-70
47.65400309,-122.3074979,-64
47.65400186,-122.3074965,-67
47.65399952,-122.3074938,-67
47.6539983,-122.3074923,-66
47.65399694,-122.3074899,-71
47.65399551,-122.307487,-65
47.65399409,-122.3074842,-66
47.65398983,-122.3074759,-73
47.65398819,-122.3074731,-70
47.65398658,-122.3074703,-70
47.65398496,-122.3074674,-69
47.65398334,-122.3074646,-68
47.65398195,-122.3074528,-68
47.65398134,-122.3074463,-68
47.65398073,-122.3074398,-67
47.65398013,-122.3074333,-65
47.65397965,-122.3074275,-65
47.65397945,-122.3074248,-66
47.65397924,-122.3074222,-64
47.65397904,-122.3074196,-68
47.65397884,-122.3074169,-71
47.65397864,-122.3074143,-72
47.65397825,-122.3074092,-69
47.65397805,-122.3074066,-71
47.65397893,-122.3074017,-72
47.65398014,-122.307396,-71
47.65398135,-122.3073904,-70
47.65398256,-122.3073847,-77
47.65398377,-122.3073791,-77
47.6539846,-122.3073761,-75
47.6539854,-122.3073734,-72
47.6539862,-122.3073709,-81
47.65398702,-122.3073682,-80
47.65398783,-122.3073656,-78
47.65398878,-122.307363,-79
47.65398979,-122.3073603,-74
47.6539908,-122.3073577,-82
47.65399181,-122.3073551,-73
47.65399591,-122.3073469,-82
47.65399751,-122.3073441,-79
47.65399911,-122.3073413,-72
47.65400254,-122.3073375,-74
47.65400456,-122.3073369,-71
47.65400659,-122.3073363,-77
47.65400862,-122.3073357,-79
47.65401063,-122.3073351,-77
47.65401523,-122.3073354,-74
47.65401766,-122.3073356,-75
47.65402012,-122.3073358,-76
47.65402256,-122.307336,-83
47.6540259,-122.3073371,-83
47.65402958,-122.3073386,-80
47.65403657,-122.3073413,-73
47.65404018,-122.3073427,-80
47.65404273,-122.3073441,-72
47.65404495,-122.3073455,-73
47.65404717,-122.3073469,-74
47.65404941,-122.3073484,-72
47.65405162,-122.3073498,-76
47.65405399,-122.3073518,-72
47.6540566,-122.3073542,-68
47.65405925,-122.3073567,-71
47.65406188,-122.3073591,-72
47.65406451,-122.3073615,-74
47.65406683,-122.307364,-68
47.65406904,-122.3073664,-69
47.65407111,-122.3073687,-70
47.65407331,-122.3073711,-71
47.65407553,-122.3073735,-70
47.65407936,-122.3073759,-73
47.65408361,-122.3073783,-78
47.65408781,-122.3073807,-74
47.65409208,-122.3073832,-73
47.65409632,-122.3073856,-72
47.65409825,-122.3073862,-69
47.65409988,-122.3073864,-73
47.6541015,-122.3073866,-71
47.6541031,-122.3073868,-68
47.65410471,-122.307387,-71
47.65410649,-122.3073873,-71
47.65410831,-122.3073877,-68
47.65411182,-122.3073885,-64
47.65411527,-122.3073896,-63
47.65411688,-122.3073904,-64
47.65411849,-122.3073912,-63
47.65412011,-122.3073921,-61
47.65412171,-122.3073929,-64
47.65412386,-122.3073943,-63
47.65412608,-122.307396,-63
47.65413255,-122.3074007,-63
47.65413507,-122.3074023,-67
47.6541377,-122.3074039,-71
47.65414033,-122.3074055,-67
47.65414295,-122.3074071,-64
47.65414556,-122.3074087,-63
47.65414886,-122.3074117,-65
47.65415228,-122.3074149,-65
47.65415573,-122.3074182,-66
47.65415893,-122.3074212,-68
47.65416239,-122.3074244,-71
47.65416434,-122.3074258,-65
47.65416595,-122.3074268,-64
47.65416757,-122.3074279,-68
47.65417068,-122.3074298,-68
47.65417244,-122.307431,-68
47.65417428,-122.3074322,-70
47.6541761,-122.3074334,-74
47.65417794,-122.3074346,-76
47.65418177,-122.3074366,-74
47.654184,-122.3074375,-67
47.65418622,-122.3074383,-72
47.65418845,-122.3074391,-67
47.65419069,-122.3074399,-67
47.65419646,-122.3074418,-66
47.65419949,-122.3074428,-70
47.65420252,-122.3074438,-67
47.65420557,-122.3074449,-65
47.65421202,-122.3074476,-66
47.654215,-122.3074489,-67
47.65421824,-122.3074504,-72
47.65422149,-122.3074518,-66
47.65422473,-122.3074532,-67
47.65422798,-122.3074546,-65
47.65423425,-122.3074574,-72
47.65423751,-122.3074588,-75
47.65424023,-122.3074609,-89
47.65424285,-122.3074631,-74
47.65424548,-122.3074653,-78
47.65425054,-122.3074696,-73
47.65425316,-122.3074712,-82
47.6542558,-122.3074726,-77
47.65425843,-122.307474,-77
47.65426105,-122.3074754,-74
47.65426367,-122.3074768,-83
47.65426753,-122.3074795,-82
47.65427533,-122.3074849,-69
47.65427938,-122.3074878,-74
47.65428344,-122.3074906,-79
47.65428538,-122.307492,-74
47.65428701,-122.3074933,-72
47.65428862,-122.3074945,-73
47.65429173,-122.3074968,-72
47.65429319,-122.3074982,-67
47.65429462,-122.3074996,-68
47.65429602,-122.307501,-74
47.65429743,-122.3075024,-68
47.65429883,-122.3075038,-75
47.65430253,-122.3075072,-70
47.65431032,-122.3075142,-79
47.65431435,-122.3075178,-72
47.65431838,-122.3075214,-89
47.65432004,-122.307523,-75
47.65432124,-122.3075242,-73
47.65432245,-122.3075255,-77
47.65432366,-122.3075267,-81
47.65432487,-122.3075279,-74
47.65432721,-122.3075298,-81
47.65432842,-122.3075309,-83
47.65432963,-122.3075319,-77
47.65433084,-122.3075329,-74
47.654331,-122.3075368,-75
47.654331,-122.3075412,-72
47.654331,-122.3075457,-79
47.654331,-122.3075501,-80
47.654331,-122.3075545,-84
47.65432991,-122.3075595,-83
47.65432758,-122.3075692,-76
47.65432518,-122.3075792,-69
47.65432347,-122.3075841,-76
47.65432165,-122.3075889,-74
47.65431987,-122.3075937,-82
47.65431806,-122.3075985,-74
47.65431626,-122.3076033,-76
47.65431548,-122.3076061,-83
47.65431487,-122.3076085,-76
47.65431427,-122.3076109,-79
47.65431366,-122.3076134,-80
47.65431248,-122.3076181,-75
47.65431187,-122.3076205,-78
47.65431127,-122.3076229,-80
47.65431066,-122.3076254,-78
47.65431006,-122.3076278,-73
47.65430891,-122.3076333,-73
47.65430769,-122.3076391,-71
47.65430657,-122.3076446,-78
47.65430537,-122.3076504,-77
47.65430416,-122.3076562,-79
47.65430347,-122.3076589,-77
47.65430287,-122.3076611,-75
47.65430226,-122.3076634,-76
47.65430165,-122.3076656,-89
47.65430108,-122.3076677,-71
47.65430046,-122.30767,-77
47.65429986,-122.3076722,-78
47.65429926,-122.3076744,-71
47.65429866,-122.3076766,-77
47.65429806,-122.3076788,-75
47.6542967,-122.3076844,-78
47.65429539,-122.3076898,-74
47.65429397,-122.3076957,-76
47.65429255,-122.3077016,-79
47.65429115,-122.3077074,-77
47.65429027,-122.30771,-74
47.65428947,-122.3077122,-81
47.65428866,-122.3077144,-80
47.65428786,-122.3077166,-80
47.65428647,-122.3077211,-82
47.65428586,-122.3077235,-79
47.65428527,-122.3077259,-85
47.65428466,-122.3077284,-81
47.65428405,-122.3077308,-76
47.65428251,-122.3077362,-80
47.65428089,-122.3077419,-79
47.6542794,-122.3077471,-84
47.65427779,-122.3077527,-82
47.65427617,-122.3077584,-81
47.65427564,-122.3077612,-81
47.65427524,-122.3077636,-76
47.65427483,-122.307766,-75
47.65427443,-122.3077684,-84
47.65427403,-122.3077708,-78
47.65427363,-122.307773,-74
47.65427323,-122.3077752,-76
47.65427282,-122.3077775,-80
47.65427242,-122.3077797,-80
47.65427204,-122.3077818,-72
47.65427037,-122.3077874,-75
47.65426857,-122.3077934,-81
47.65426675,-122.3077995,-74
47.65426493,-122.3078056,-80
47.65426312,-122.3078116,-78
47.65426206,-122.3078145,-76
47.65426105,-122.3078171,-78
47.65425911,-122.3078221,-76
47.65425811,-122.3078247,-77
47.6542571,-122.3078273,-90
47.65425609,-122.30783,-80
47.65425509,-122.3078326,-76
47.65425408,-122.3078352,-79
47.65425308,-122.3078378,-78
47.65425153,-122.3078417,-77
47.65424992,-122.3078457,-90
47.65424832,-122.3078497,-78
47.6542467,-122.3078538,-77
47.65424509,-122.3078578,-90
47.65424348,-122.3078622,-85
47.65424187,-122.3078666,-83
47.65423706,-122.3078798,-90
47.65423503,-122.3078838,-80
47.65423279,-122.307888,-84
47.65423058,-122.3078923,-82
47.65422838,-122.3078965,-78
47.65422616,-122.3079007,-76
47.65422508,-122.307903,-80
47.65422408,-122.3079052,-93
47.65422308,-122.3079074,-84
47.65422209,-122.3079096,-78
47.65422109,-122.3079118,-78
47.65421991,-122.3079138,-81
47.65421871,-122.3079158,-83
47.65421749,-122.3079178,-85
47.6542163,-122.3079198,-77
47.65421511,-122.3079218,-78
47.65420786,-122.3079339,-83
47.65420547,-122.3079379,-80
47.65419305,-122.307951,-81
47.65419028,-122.3079522,-74
47.65418749,-122.3079534,-76
47.6541847,-122.3079546,-79
47.65418187,-122.3079558,-79
47.65417587,-122.3079574,-83
47.65416907,-122.3079582,-88
47.65416563,-122.3079586,-77
47.65416221,-122.307959,-80
47.65415863,-122.3079573,-77
47.65415501,-122.3079555,-76
47.65415137,-122.3079537,-76
47.65414773,-122.3079519,-92
47.65414412,-122.3079501,-76
47.65414168,-122.3079479,-72
47.65413928,-122.3079457,-79
47.6541369,-122.3079435,-82
47.65413448,-122.3079413,-82
47.65413206,-122.3079391,-75
47.65412948,-122.3079363,-79
47.65412691,-122.3079335,-80
47.65412433,-122.3079307,-80
47.65412172,-122.3079279,-75
47.65411912,-122.3079251,-76
47.65411784,-122.3079209,-77
47.65411663,-122.3079167,-73
47.65411543,-122.3079125,-75
47.65411423,-122.3079083,-72
47.65411303,-122.3079041,-72
47.65411184,-122.3078999,-76
47.65411065,-122.3078958,-74
47.65410944,-122.3078916,-75
47.65410825,-122.3078874,-74
47.65410705,-122.3078832,-77
47.65410585,-122.307878,-77
47.65410464,-122.3078728,-80
47.65410344,-122.3078676,-87
47.65410224,-122.3078624,-73
47.65410104,-122.3078572,-77
47.654101,-122.3078543,-76
47.654101,-122.3078515,-76
47.654101,-122.3078487,-77
47.654101,-122.3078459,-78
47.654101,-122.3078431,-77
47.65410022,-122.3078379,-78
47.65409942,-122.3078327,-79
47.65409862,-122.3078275,-77
47.6540978,-122.3078222,-71
47.65409701,-122.307817,-75
47.6540966,-122.3078118,-80
47.6540962,-122.3078066,-74
47.6540958,-122.3078014,-71
47.6540954,-122.3077962,-73
47.654095,-122.307791,-72
47.6540946,-122.307788,-75
47.6540942,-122.307785,-70
47.6540938,-122.307782,-71
47.6540934,-122.307779,-71
47.654093,-122.307776,-71
47.6540928,-122.3077732,-74
47.6540926,-122.3077704,-73
47.6540924,-122.3077676,-78
47.6540922,-122.3077648,-76
47.654092,-122.307762,-73
47.65409139,-122.3077594,-77
47.65409079,-122.3077568,-74
47.65409023,-122.3077543,-73
47.65408962,-122.3077517,-73
47.65408902,-122.3077491,-74
47.65408823,-122.3077448,-78
47.65408743,-122.3077403,-74
47.65408662,-122.3077359,-74
47.65408581,-122.3077314,-74
47.65408499,-122.307727,-71
47.65408399,-122.3077244,-76
47.65408299,-122.3077218,-73
47.65408198,-122.3077191,-72
47.65408098,-122.3077165,-73
47.65408004,-122.3077141,-74
47.65407885,-122.3077069,-75
47.65407764,-122.3076994,-75
47.65407644,-122.3076921,-74
47.65407524,-122.3076846,-74
47.65407403,-122.3076772,-71
47.65407361,-122.3076749,-73
47.65407321,-122.3076726,-73
47.6540728,-122.3076704,-72
47.6540724,-122.3076682,-71
47.65407201,-122.3076661,-70
47.65407161,-122.3076639,-70
47.65407041,-122.3076572,-70
47.65407001,-122.307655,-72
47.65406901,-122.3076485,-68
47.65406802,-122.3076419,-70
47.65406703,-122.3076354,-69
47.65406502,-122.3076221,-71
47.65406381,-122.307618,-68
47.65406081,-122.3076076,-72
47.65406021,-122.3076054,-71
47.6540596,-122.3076032,-70
47.654059,-122.307601,-71
47.65405242,-122.3075849,-72
47.65405018,-122.3075794,-73
47.65404797,-122.3075739,-72
47.65404695,-122.3075719,-73
47.654044,-122.307566,-74
47.65404299,-122.307564,-72
47.65404217,-122.3075619,-77
47.65404136,-122.3075599,-71
47.65404056,-122.3075579,-73
47.65403981,-122.307556,-72
47.654039,-122.307554,-68
47.65403638,-122.3075488,-72
47.65403376,-122.3075435,-70
47.65403113,-122.3075383,-69
47.65402849,-122.307533,-68
47.65402595,-122.3075279,-68
47.65402495,-122.3075261,-66
47.654024,-122.3075244,-66
47.65402298,-122.3075226,-66
47.65402199,-122.3075208,-67
47.65402097,-122.307519,-67
47.65401975,-122.3075171,-67
47.65401854,-122.3075153,-69
47.65401734,-122.3075135,-67
47.65401613,-122.3075117,-68
47.65401485,-122.3075098,-69
47.65401204,-122.3075053,-69
47.65400658,-122.3074968,-66
47.65400379,-122.3074924,-66
47.65400098,-122.307488,-66
47.65399977,-122.3074857,-68
47.65399857,-122.3074835,-67
47.65399737,-122.3074814,-65
47.65399616,-122.3074791,-64
47.65399496,-122.3074769,-67
47.65399396,-122.3074747,-66
47.65399295,-122.3074725,-65
47.65399195,-122.3074703,-66
47.65399096,-122.3074681,-64
47.6539899,-122.3074657,-66
47.65398811,-122.3074605,-67
47.65398629,-122.3074553,-68
47.65398448,-122.30745,-69
47.65398267,-122.3074448,-70
47.65398094,-122.3074398,-66
47.65398014,-122.3074372,-67
47.65397778,-122.3074295,-64
47.65397698,-122.3074269,-65
47.65397539,-122.3074218,-67
47.65397458,-122.3074192,-65
47.65397378,-122.3074165,-65
47.65397302,-122.3074137,-65
47.65397342,-122.3074075,-69
47.65397382,-122.3074012,-68
47.65397422,-122.307395,-68
47.65397462,-122.3073889,-67
47.653975,-122.3073828,-71
47.653975,-122.3073794,-68
47.653975,-122.307376,-69
47.653975,-122.3073726,-69
47.653975,-122.3073692,-67
47.65397501,-122.3073658,-69
47.65397521,-122.3073626,-67
47.65397541,-122.3073594,-72
47.65397562,-122.3073561,-71
47.65397582,-122.3073529,-72
47.6539761,-122.3073496,-72
47.65397731,-122.3073448,-77
47.6539785,-122.30734,-71
47.6539797,-122.3073352,-77
47.65398089,-122.3073304,-84
47.65398203,-122.3073258,-75
47.65398243,-122.3073232,-77
47.65398283,-122.3073206,-73
47.65398323,-122.307318,-81
47.65398363,-122.3073154,-78
47.65398404,-122.3073128,-74
47.65398464,-122.30731,-86
47.65398524,-122.3073072,-85
47.65398584,-122.3073044,-79
47.65398644,-122.3073016,-81
47.65398723,-122.3072988,-77
47.65399043,-122.3072954,-92
47.65399363,-122.307292,-77
47.65399689,-122.3072885,-98
47.65400012,-122.3072851,-75
47.654015,-122.3072761,-74
47.6540168,-122.3072753,-80
47.6540204,-122.3072737,-74
47.65402876,-122.3072709,-78
47.65403831,-122.307268,-73
47.65404089,-122.3072676,-84
47.65404853,-122.3072664,-72
47.65405588,-122.3072645,-70
47.65406052,-122.3072631,-73
47.65406514,-122.3072617,-71
47.65406974,-122.3072603,-67
47.65407414,-122.3072589,-69
47.65407595,-122.3072579,-67
47.65407776,-122.3072569,-73
47.65407959,-122.3072559,-68
47.65408141,-122.3072549,-69
47.6540848,-122.3072529,-68
47.65408791,-122.3072509,-66
47.6540895,-122.3072499,-64
47.65409123,-122.3072489,-68
47.65409427,-122.307247,-66
47.65409728,-122.3072452,-64
47.65410028,-122.3072434,-63
47.6541033,-122.3072416,-61
47.65410625,-122.3072398,-66
47.65410862,-122.3072383,-64
47.65411102,-122.3072367,-62
47.65411342,-122.3072351,-64
47.6541158,-122.3072335,-61
47.65411819,-122.3072319,-60
47.65412077,-122.3072303,-61
47.65412338,-122.3072287,-63
47.65412615,-122.307227,-64
47.65413116,-122.3072239,-65
47.65413557,-122.3072203,-66
47.65413776,-122.3072185,-69
47.65413996,-122.3072167,-68
47.65414628,-122.3072118,-68
47.65415032,-122.3072088,-69
47.65416214,-122.3071999,-66
47.65416375,-122.3071989,-67
47.65416536,-122.3071979,-67
47.65416697,-122.3071969,-84
47.65416859,-122.3071959,-71
47.65417019,-122.3071949,-69
47.65417179,-122.3071937,-69
47.65417341,-122.3071924,-66
47.65417501,-122.3071912,-67
47.65417663,-122.30719,-68
47.65417995,-122.3071873,-70
47.65418176,-122.3071857,-75
47.65418357,-122.307184,-76
47.65418537,-122.3071824,-75
47.65418725,-122.3071808,-71
47.65418986,-122.3071792,-70
47.65419251,-122.3071776,-66
47.65419512,-122.307176,-65
47.65419773,-122.3071744,-74
47.65420025,-122.3071728,-75
47.65420207,-122.3071716,-69
47.65420558,-122.3071693,-75
47.65420741,-122.3071681,-70
47.65420926,-122.3071669,-74
47.65421129,-122.3071665,-69
47.65421329,-122.3071661,-72
47.65421916,-122.3071649,-67
47.65422076,-122.3071641,-68
47.65422237,-122.3071633,-73
47.65422396,-122.3071625,-75
47.65422557,-122.3071617,-72
47.65422707,-122.3071608,-77
47.65422767,-122.3071592,-76
47.65422828,-122.3071576,-90
47.65422888,-122.307156,-72
47.65422948,-122.3071544,-68
47.65423008,-122.3071527,-68
47.65423068,-122.3071507,-68
47.65423128,-122.3071487,-68
47.65423188,-122.3071467,-71
47.65423249,-122.3071447,-68
47.65423297,-122.3071422,-67
47.65423277,-122.3071374,-67
47.65423285,-122.307116,-71
47.65423325,-122.3071146,-74
47.65423365,-122.3071132,-72
47.654234,-122.3071118,-69
47.654234,-122.3071098,-67
47.654234,-122.3071078,-72
47.654234,-122.3071057,-71
47.654234,-122.3071037,-77
47.654234,-122.3071015,-70
47.654234,-122.3070975,-71
47.654234,-122.3070934,-64
47.654234,-122.3070894,-62
47.654234,-122.3070854,-68
47.654234,-122.3070818,-72
47.654234,-122.3070806,-77
47.654234,-122.3070794,-69
47.654234,-122.3070771,-65
47.654234,-122.3070755,-70
47.654234,-122.3070711,-66
47.654234,-122.3070666,-67
47.654234,-122.3070622,-68
47.654234,-122.3070577,-65
47.65423381,-122.3070532,-66
47.65423261,-122.3070482,-64
47.6542314,-122.3070432,-70
47.65423019,-122.3070381,-70
47.65422898,-122.3070331,-67
47.65422732,-122.3070247,-70
47.65422672,-122.3070209,-70
47.65422611,-122.307017,-66
47.6542255,-122.3070132,-72
47.65422493,-122.3070094,-79
47.65422452,-122.3070057,-69
47.65422412,-122.3070021,-76
47.65422375,-122.3069987,-72
47.65422334,-122.3069951,-76
47.6542229,-122.3069912,-70
47.6542223,-122.3069862,-71
47.6542217,-122.3069811,-73
47.65422108,-122.306976,-67
47.65422048,-122.306971,-66
47.65421992,-122.3069665,-64
47.65421931,-122.3069626,-67
47.65421871,-122.3069588,-68
47.6542181,-122.306955,-77
47.6542175,-122.3069512,-73
47.65421681,-122.3069471,-77
47.6542158,-122.3069425,-80
47.65421485,-122.3069381,-69
47.65421384,-122.3069335,-65
47.65421284,-122.3069289,-64
47.65421176,-122.3069239,-70
47.65421035,-122.3069174,-67
47.65420891,-122.3069109,-67
47.6542076,-122.3069049,-69
47.65420617,-122.3068983,-67
47.65420489,-122.3068924,-68
47.65420428,-122.3068894,-71
47.65420368,-122.3068864,-70
47.65420308,-122.3068834,-67
47.65420186,-122.3068775,-69
47.65420105,-122.3068747,-82
47.65420025,-122.3068719,-66
47.65419945,-122.3068691,-71
47.65419864,-122.3068662,-65
47.65419766,-122.3068629,-70
47.65419615,-122.306858,-70
47.65419455,-122.3068528,-75
47.65419294,-122.3068476,-80
47.65419131,-122.3068423,-79
47.65418985,-122.3068375,-75
47.65418904,-122.3068349,-78
47.65418824,-122.3068323,-68
47.65418743,-122.3068297,-70
47.65418663,-122.306827,-77
47.65418588,-122.3068246,-81
47.65418507,-122.306822,-84
47.65418426,-122.3068193,-75
47.65418346,-122.3068167,-72
47.65418265,-122.3068141,-73
47.65418184,-122.3068113,-73
47.65418103,-122.3068079,-71
47.65418023,-122.3068045,-70
47.65417944,-122.3068011,-73
47.65417864,-122.3067977,-92
47.65417765,-122.3067939,-74
47.65417604,-122.3067886,-83
47.65417293,-122.3067785,-71
47.6541713,-122.3067732,-81
47.65416978,-122.3067689,-71
47.65416857,-122.3067685,-75
47.65416736,-122.3067681,-76
47.65416615,-122.3067677,-70
47.65416493,-122.3067673,-80
47.65416324,-122.3067668,-72
47.65415661,-122.3067648,-67
47.65415319,-122.3067638,-72
47.65414975,-122.3067628,-82
47.65414651,-122.3067627,-81
47.65414409,-122.3067659,-74
47.65414165,-122.3067691,-70
47.65413922,-122.3067724,-71
47.65413695,-122.3067754,-77
47.65413467,-122.3067791,-80
47.65413304,-122.3067844,-73
47.65413141,-122.3067897,-73
47.65412991,-122.3067945,-82
47.65412829,-122.3067998,-89
47.65412696,-122.3068049,-72
47.65412676,-122.3068093,-72
47.65412655,-122.3068138,-69
47.65412635,-122.3068182,-69
47.65412615,-122.3068226,-68
47.65412425,-122.3068343,-67
47.65412345,-122.3068381,-83
47.65412263,-122.306842,-73
47.6541216,-122.3068461,-75
47.65411978,-122.3068512,-81
47.65411795,-122.3068562,-84
47.65411444,-122.306866,-76
47.65411283,-122.3068704,-84
47.65411202,-122.3068722,-71
47.6541112,-122.306874,-77
47.65410875,-122.30688,-72
47.65410754,-122.3068846,-70
47.65410633,-122.3068892,-77
47.65410511,-122.3068939,-77
47.65410389,-122.3068986,-67
47.65410269,-122.3069027,-80
47.65410156,-122.3069051,-68
47.65410036,-122.3069077,-67
47.65409913,-122.3069104,-71
47.65409791,-122.306913,-82
47.6540965,-122.3069168,-86
47.65409449,-122.306924,-75
47.65409061,-122.306938,-78
47.65408858,-122.3069453,-78
47.65408681,-122.3069516,-89
47.65408601,-122.306954,-71
47.6540852,-122.3069564,-80
47.65408439,-122.3069588,-95
47.65408283,-122.3069635,-71
47.65408202,-122.3069662,-79
47.6540812,-122.3069689,-76
47.65408039,-122.3069715,-73
47.65407827,-122.3069787,-73
47.65407766,-122.3069809,-76
47.65407706,-122.3069831,-70
47.65407645,-122.3069853,-70
47.65407563,-122.3069882,-69
47.65407422,-122.3069926,-72
47.65407282,-122.306997,-76
47.65407141,-122.3070014,-69
47.65406883,-122.3070095,-69
47.654068,-122.307012,-77
47.6540672,-122.3070144,-72
47.65406639,-122.3070168,-75
47.65406558,-122.3070193,-70
47.65406449,-122.3070224,-74
47.6540628,-122.3070269,-72
47.65406099,-122.3070317,-82
47.65405915,-122.3070366,-74
47.65405731,-122.3070415,-88
47.65405502,-122.3070489,-69
47.65405422,-122.3070521,-78
47.65405341,-122.3070554,-79
47.65405259,-122.3070586,-72
47.65405071,-122.3070672,-69
47.65404877,-122.3070765,-75
47.65404776,-122.3070814,-75
47.65404659,-122.3070858,-73
47.65404496,-122.3070888,-72
47.65404334,-122.3070919,-71
47.65403862,-122.3071011,-84
47.65403702,-122.3071057,-76
47.65403539,-122.3071104,-77
47.65403378,-122.307115,-73
47.65403216,-122.3071197,-75
47.6540306,-122.3071243,-75
47.65402646,-122.3071373,-76
47.65402505,-122.3071417,-86
47.65402364,-122.3071461,-78
47.65402222,-122.3071506,-76
47.65402081,-122.307155,-76
47.6540194,-122.3071595,-74
47.65401799,-122.3071639,-74
47.65401654,-122.3071682,-77
47.65401494,-122.3071722,-74
47.65401333,-122.3071762,-75
47.65401171,-122.3071802,-81
47.65400869,-122.3071882,-74
47.65400769,-122.3071922,-83
47.65400574,-122.3072001,-71
47.65400473,-122.3072041,-79
47.65400367,-122.3072081,-86
47.65400245,-122.3072122,-75
47.65400124,-122.3072162,-76
47.65400003,-122.3072202,-85
47.65399723,-122.3072281,-75
47.65399419,-122.3072326,-81
47.65399118,-122.307237,-89
47.65398816,-122.3072414,-74
47.65398513,-122.3072459,-77
47.65398258,-122.3072494,-72
47.65398117,-122.3072506,-73
47.65397975,-122.3072518,-74
47.65397704,-122.3072541,-71
47.65397562,-122.3072553,-63
47.65397422,-122.3072565,-64
47.65397282,-122.3072577,-64
47.65397141,-122.3072589,-66
47.65397,-122.3072601,-70
47.6539683,-122.3072596,-74
47.65396589,-122.3072548,-67
47.65396345,-122.3072499,-68
47.65395878,-122.3072406,-66
47.65395678,-122.3072359,-65
47.65395597,-122.3072319,-70
47.65395516,-122.3072278,-67
47.65395436,-122.3072238,-71
47.65395356,-122.3072198,-68
47.65395245,-122.3072157,-71
47.65395064,-122.3072115,-74
47.65394883,-122.3072073,-71
47.65394702,-122.3072031,-77
47.65394522,-122.3071988,-72
47.6539438,-122.3071947,-75
47.65394324,-122.3071912,-80
47.65394263,-122.3071873,-74
47.65394202,-122.3071835,-74
47.65394142,-122.3071797,-74
47.65394044,-122.3071749,-73
47.65393862,-122.3071683,-70
47.6539368,-122.3071616,-70
47.6539333,-122.3071488,-76
47.65393183,-122.3071434,-74
47.65393123,-122.3071414,-74
47.65393062,-122.3071394,-85
47.65393002,-122.3071374,-83
47.65392942,-122.3071354,-72
47.65392881,-122.3071334,-76
47.65392821,-122.3071316,-82
47.6539276,-122.3071298,-76
47.653927,-122.307128,-71
47.65392583,-122.3071236,-71
47.65392523,-122.3071185,-69
47.65392462,-122.3071135,-67
47.65392401,-122.3071084,-79
47.65392342,-122.3071035,-72
47.65392287,-122.3070991,-71
47.65392247,-122.3070961,-75
47.65392207,-122.3070931,-72
47.65392167,-122.3070901,-75
47.65392127,-122.307087,-70
47.6539208,-122.307084,-71
47.65392019,-122.307081,-72
47.65391963,-122.3070781,-74
47.65391902,-122.3070751,-80
47.65391842,-122.3070721,-69
47.65391757,-122.3070683,-68
47.65391616,-122.3070629,-71
47.65391474,-122.3070574,-68
47.65391333,-122.307052,-73
47.65391192,-122.3070466,-74
47.65391086,-122.3070421,-69
47.65391046,-122.3070395,-75
47.65391006,-122.3070369,-68
47.65390968,-122.3070344,-74
47.65390928,-122.3070318,-68
47.65390881,-122.3070293,-70
47.6539082,-122.3070268,-69
47.6539076,-122.3070244,-70
47.65390699,-122.307022,-68
47.65390638,-122.3070195,-69
47.65390522,-122.3070097,-63
47.65390462,-122.3070033,-65
47.65390401,-122.3069968,-68
47.65390341,-122.3069904,-63
47.65390294,-122.3069851,-64
47.65390274,-122.306982,-63
47.65390253,-122.306979,-69
47.65390233,-122.306976,-62
47.65390213,-122.306973,-71
47.653902,-122.30697,-65
47.653902,-122.306967,-67
47.653902,-122.306964,-64
47.653902,-122.306961,-59
47.653902,-122.3069579,-59
47.653902,-122.306954,-60
47.653902,-122.3069483,-61
47.653902,-122.3069428,-61
47.653902,-122.3069372,-62
47.653902,-122.3069315,-64
47.65390207,-122.306927,-64
47.65390246,-122.3069215,-63
47.65390266,-122.3069187,-63
47.65390286,-122.3069159,-69
47.65390313,-122.3069131,-63
47.65390353,-122.3069103,-80
47.65390393,-122.3069075,-68
47.65390433,-122.3069047,-66
47.65390474,-122.3069018,-62
47.65390541,-122.3068991,-62
47.65390662,-122.3068965,-67
47.6539078,-122.3068939,-65
47.65390901,-122.3068913,-63
47.65391022,-122.3068887,-64
47.6539117,-122.3068862,-68
47.65391372,-122.306884,-65
47.65391573,-122.3068818,-63
47.65391773,-122.3068796,-70
47.65391974,-122.3068774,-60
47.65392185,-122.3068755,-64
47.65392404,-122.3068741,-64
47.65392831,-122.3068714,-60
47.65393051,-122.3068699,-61
47.65393273,-122.306869,-69
47.65393496,-122.306869,-66
47.65393718,-122.306869,-63
47.6539394,-122.306869,-65
47.65394162,-122.306869,-68
47.65394397,-122.3068686,-61
47.6539466,-122.3068673,-72
47.65394918,-122.3068661,-67
47.6539518,-122.3068649,-70
47.65395441,-122.3068637,-64
47.65395851,-122.3068594,-69
47.65396031,-122.3068568,-68
47.6539621,-122.3068542,-73
47.65396391,-122.3068516,-81
47.65396532,-122.3068493,-69
47.65396606,-122.3068476,-64
47.65396687,-122.3068458,-79
47.65396767,-122.306844,-67
47.65396847,-122.3068422,-63
47.6539698,-122.3068405,-74
47.65397201,-122.3068391,-66
47.65397424,-122.3068377,-72
47.65397646,-122.3068363,-79
47.65397865,-122.3068349,-71
47.65398125,-122.3068335,-67
47.65398445,-122.3068321,-72
47.65398765,-122.3068307,-74
47.65399084,-122.3068293,-68
47.65399407,-122.3068278,-62
47.65399687,-122.3068266,-71
47.65399907,-122.3068256,-65
47.65400128,-122.3068246,-68
47.65400347,-122.3068236,-70
47.65400567,-122.3068226,-71
47.65400793,-122.3068207,-62
47.65401035,-122.3068173,-66
47.65401274,-122.3068139,-71
47.65401513,-122.3068105,-73
47.65401751,-122.3068071,-75
47.65402051,-122.3068032,-73
47.65402429,-122.3067986,-72
47.65402807,-122.306794,-70
47.65403185,-122.3067894,-74
47.65403567,-122.3067848,-72
47.65403856,-122.3067814,-73
47.65403997,-122.30678,-67
47.65404137,-122.3067786,-81
47.65404277,-122.3067772,-72
47.65404417,-122.3067758,-71
47.65404557,-122.3067745,-76
47.65404697,-122.3067733,-70
47.65404839,-122.3067721,-75
47.65405265,-122.3067684,-87
47.65405445,-122.3067668,-76
47.65405987,-122.306762,-66
47.65406203,-122.30676,-71
47.65406485,-122.3067572,-85
47.65406765,-122.3067544,-74
47.65407046,-122.3067515,-67
47.65407326,-122.3067487,-69
47.65407538,-122.3067458,-69
47.65407638,-122.3067426,-67
47.65407738,-122.3067394,-67
47.65407837,-122.3067362,-71
47.65407937,-122.306733,-75
47.65408037,-122.3067294,-67
47.65408344,-122.3067159,-65
47.65408169,-122.3067046,-64
47.65407928,-122.3067014,-61
47.65407686,-122.3066982,-66
47.65407444,-122.3066949,-64
47.65407237,-122.3066919,-67
47.65407076,-122.3066891,-66
47.65406915,-122.3066863,-74
47.65406756,-122.3066835,-68
47.65406596,-122.3066807,-73
47.65406443,-122.3066778,-64
47.65406304,-122.3066748,-72
47.65406163,-122.3066718,-67
47.65406022,-122.3066688,-67
47.65405882,-122.3066658,-68
47.6540572,-122.3066629,-64
47.65405518,-122.3066601,-67
47.65405316,-122.3066572,-72
47.65405116,-122.3066544,-72
47.65404913,-122.3066516,-71
47.65404719,-122.3066484,-72
47.65404538,-122.3066448,-65
47.65404371,-122.3066414,-63
47.65404189,-122.3066378,-63
47.65404007,-122.3066341,-67
47.65403791,-122.30663,-69
47.65403528,-122.3066251,-66
47.65403265,-122.3066203,-62
47.65403002,-122.3066154,-62
47.65402552,-122.3066072,-71
47.65402431,-122.3066052,-63
47.65402309,-122.3066032,-62
47.65402188,-122.3066011,-63
47.65402066,-122.3065991,-66
47.65401713,-122.3065927,-61
47.65401591,-122.3065905,-64
47.6540147,-122.3065883,-63
47.65401277,-122.306586,-62
47.65400995,-122.3065838,-65
47.65400712,-122.3065816,-63
47.65400432,-122.3065794,-63
47.65399925,-122.3065743,-74
47.65399455,-122.3065637,-67
47.65399294,-122.3065601,-66
47.65399192,-122.3065563,-71
47.65399171,-122.3065522,-60
47.65399151,-122.3065482,-62
47.65399131,-122.3065442,-66
47.65399111,-122.3065402,-70
47.65399063,-122.3065378,-65
47.65398983,-122.3065374,-55
47.65398747,-122.3065362,-56
47.65398631,-122.3065341,-59
47.65398473,-122.3065297,-57
47.65398311,-122.3065253,-55
47.6539815,-122.3065209,-55
47.65397988,-122.3065164,-54
47.65397809,-122.3065126,-51
47.65397607,-122.3065096,-54
47.65397405,-122.3065066,-55
47.65397205,-122.3065036,-54
47.65397005,-122.3065006,-57
47.65396746,-122.3064973,-53
47.65396123,-122.3064903,-54
47.65395803,-122.3064867,-53
47.65395476,-122.306483,-56
47.65395291,-122.3064806,-52
47.65395271,-122.3064798,-53
47.6539525,-122.306479,-51
47.65395211,-122.3064775,-53
47.6539513,-122.306477,-53
47.65394968,-122.306477,-53
47.65394805,-122.306477,-55
47.65394644,-122.306477,-54
47.65394482,-122.306477,-52
47.65394349,-122.3064762,-52
47.65394228,-122.3064741,-55
47.65394106,-122.3064721,-54
47.65393984,-122.3064701,-53
47.65393862,-122.306468,-54
47.65393711,-122.3064669,-57
47.65393362,-122.3064665,-52
47.6539318,-122.3064663,-51
47.65392999,-122.3064661,-51
47.65392881,-122.3064654,-48
47.65392841,-122.3064642,-52
47.653928,-122.306463,-46
47.6539276,-122.3064618,-50
47.65392722,-122.3064607,-56
47.65392508,-122.3064596,-51
47.65392086,-122.3064588,-49
47.65391661,-122.306458,-56
47.65391232,-122.3064572,-53
47.65390224,-122.3064534,-52
47.6538996,-122.3064516,-61
47.65389697,-122.3064497,-59
47.65389433,-122.3064479,-54
47.65389231,-122.3064464,-54
47.65389089,-122.3064452,-57
47.65388958,-122.3064441,-63
47.65388817,-122.3064429,-56
47.65388674,-122.3064416,-59
47.65388447,-122.3064398,-60
47.65388124,-122.3064371,-60
47.65387804,-122.3064345,-58
47.65387483,-122.3064319,-50
47.65387161,-122.3064293,-55
