lat,lon,RSSI
47.653773,-122.306396,-77.0
47.653773,-122.306396,-77.0
47.653773,-122.306396,-77.0
47.653773,-122.306396666561,-80.51666415456543
47.653773,-122.306396667656,-80.51812150073755
47.653775940522,-122.306401488134,-73.66113940398188
47.65377594515,-122.30640149205,-73.65616446835898
47.653789876748,-122.306412508484,-68.11976802093938
47.65380620313,-122.306423516745,-78.55513388491588
47.65380620817,-122.306423520705,-78.55944824171536
47.653820229128,-122.306434537172,-84.66931187603738
47.653820234266,-122.306434541209,-84.6733430993005
47.653835418602,-122.30644765116,-73.87748729578516
47.653851873648,-122.306464873648,-69.61154193344662
47.653851876792,-122.306464876792,-69.60957976680487
47.653859652721,-122.306472888824,-80.0
47.653859655262,-122.306472891728,-80.0
47.653867617538005,-122.306483045286,-74.46880805424239
47.653878634247,-122.306499352678,-74.62794732898097
47.653878638174,-122.306499357676,-74.62901595555284
47.65388940802,-122.306512648822,-77.37773292198924
47.65388941161,-122.306512652771,-77.37665831192848
47.65389942606,-122.306522698242,-84.63329355786564
47.653909197206,-122.306529708938,-76.13723886233518
47.653909200923,-122.306529711829,-76.13352630254256
47.65391747519,-122.306536229325,-89.0
47.65391747633,-122.306536230275,-89.0
47.65392348446,-122.30654074223,-76.01888709558371
47.6539307368,-122.3065434976,-70.64077299853145
47.653930740727,-122.306543498314,-70.63899196490749
47.65394150654,-122.306545751962,-82.0
47.6539415101,-122.30654575303,-82.0
47.65395278798,-122.306551030384,-73.74314227419717
47.65396654102,-122.306561524612,-74.87204932835711
47.65396654261,-122.306561525566,-74.87220814921008
47.65397654744,-122.306567783208,-76.26034356113206
47.65397655099,-122.306567785693,-76.25963496131776
47.653988103712,-122.306575051856,-80.56518254823833
47.65400413128,-122.306582807435,-78.52393076779892
47.654004137680005,-122.306582810235,-78.52233445207781
47.65402380612,-122.306592423468,-81.95197215125599
47.654023818,-122.3065924302,-81.95513750504497
47.654048359458,-122.30660631081,-76.7366717646192
47.654059485297,-122.306612110728,-83.07718389764801
47.654059491978,-122.306612113872,-83.0799297711168
47.65406935234,-122.306616940936,-79.53618340964658
47.65406934882,-122.306616939528,-79.53477846118365
47.65406733236,-122.306614533236,-75.26901629175643
47.654087901984,-122.30661868272,-78.0
47.654087910586,-122.30661868663,-78.0
47.654106161464,-122.306627891281,-79.72868102538233
47.65410616244,-122.306627892135,-79.72892457383878
47.654114444814,-122.306634901522,-77.8637941766228
47.654128105644006,-122.306644919292,-77.8627608739281
47.654128115030005,-122.30664492579,-77.86312123356754
47.65414975232,-122.306657724768,-78.86359227132056
47.65414975665,-122.306657724335,-78.86402483918633
47.65415977146,-122.30665977146,-79.59045559212605
47.654170064039,-122.306671735333,-85.44954850253704
47.654170067944,-122.306671741368,-85.45096629643568
47.654179121976,-122.30668680494,-85.13716417404056
47.654179123868,-122.30668680967,-85.13669187587558
47.654179153,-122.3066974164,-83.1351727234247
47.654173718064,-122.306708290752,-83.86377663849318
47.654173720224,-122.306708293632,-83.86413606161724
47.654178576406,-122.306714288203,-85.72907898482737
47.65417857721,-122.306714288605,-85.72988216960506
47.654179709956,-122.306718770572,-88.0
47.654177547405,-122.306727709481,-87.0
47.65417754557,-122.306727709114,-87.0
47.654174,-122.306727,-86.13600663121098
47.654174,-122.306727,-86.13564554547393
47.654175483015,-122.306730559236,-84.13630256113116
47.654179298248,-122.306737807008,-85.0
47.654179298608,-122.306737805568,-85.0
47.65418,-122.306735300109,-84.13748094891744
47.65418,-122.30673530047,-84.13712087359235
47.65418,-122.306736,-82.13767124449271
47.654174838154,-122.306725069032,-83.86184284138395
47.654174831915,-122.30672505582,-83.86220948354175
47.654163,-122.3067,-84.8613931563082
47.654163,-122.3067,-84.86176651749012
47.654164533425,-122.306701533425,-84.86012921250614
47.654168308245,-122.306707157715,-86.71943603425231
47.654168308437,-122.306707159059,-86.71981973879885
47.654169,-122.306712,-87.0
47.654169,-122.306712,-87.0
47.654169,-122.306712,-84.42292432548203
47.654169,-122.306712,-82.14161544285345
47.654169,-122.306712,-82.14118893845252
47.654169,-122.306712,-82.0
47.654169,-122.306712,-82.0
47.654169,-122.306712,-82.0
47.654169,-122.306712,-82.0
47.654169,-122.306712,-82.0
47.654169,-122.306712,-82.85701210413875
47.654169,-122.306712,-82.8573684310344
47.654169,-122.306712,-83.0
47.654169,-122.306712,-83.0
47.654169,-122.306712,-83.0
47.654169,-122.306712,-83.0
47.654169,-122.306712,-83.0
47.65417881117,-122.306711345922,-84.0
47.654202944316,-122.306712629544,-81.29389895432433
47.65420294992,-122.30671263328,-81.29296676557104
47.654214968976,-122.306723622716,-84.41495325423
47.654214974208,-122.306723630128,-84.4166950473864
47.654227658248,-122.306737661856,-80.70782163538898
47.654243018228,-122.30674634346,-89.4129047978707
47.654243025968,-122.30674634776,-89.4146224549866
47.654258027222,-122.306755354506,-100.24421891305984
47.654258031389,-122.306755357747,-100.2497661206958
47.654267042594,-122.306762366462,-87.46862646003942
47.654279456637,-122.306772437168,-90.557719629537
47.65427946513,-122.30677244432,-90.55905943710388
47.654295076335,-122.30678368363,-90.14671707865868
47.654295080124,-122.306783684472,-90.14629664582556
47.654303749768,-122.306786031163,-87.0
47.654311071482,-122.306790761976,-93.29542819165852
47.65431107402,-122.30679076536,-93.29458396284066
47.654317080848,-122.30679946808,-91.29561892210408
47.65431708347,-122.30679947245,-91.29474630085537
47.654325185408005,-122.306808441488,-89.59143146299438
47.654336856061,-122.306813350551,-85.89189164923269
47.654336860758,-122.306813350978,-85.88933600002676
47.654349288115,-122.306815410164,-86.70438619101606
47.65434929464,-122.306815411904,-86.70525539656568
47.654362189978,-122.306819417768,-84.29612072796054
47.654372272876,-122.306823780365,-95.70184750567296
47.654372277856,-122.30682378244,-95.70267607306988
47.654381790150005,-122.30682807409,-99.40652340025817
47.654381791915,-122.306828075149,-99.40793375717558
47.65438428031,-122.306831799225,-97.95435055560496
47.654388060496,-122.306838976104,-88.44914486412766
47.654388066824005,-122.306838981076,-88.44779031214306
47.654399179692,-122.306850722666,-86.29848591064824
47.654399180382,-122.306850724161,-86.29825623081682
47.65440847090501,-122.30686629454,-86.0
47.654423863424,-122.306883764032,-86.05792338912919
47.654423868912,-122.306883768491,-86.05552374013364
47.65443952483,-122.306893473288,-85.84914311155529
47.654439526675,-122.30689347378,-85.84926589496335
47.654455286396,-122.30689784894,-87.54359740211193
47.65447082937,-122.30690657235,-96.45931869370492
47.654470834284,-122.30690657802,-96.45818657753344
47.654483106553,-122.306922719814,-94.3063805749275
47.654483107741,-122.306922721758,-94.30616499810444
47.654495246038,-122.306940370189,-94.92477517249569
47.654508136858006,-122.306956265092,-96.08441210785276
47.654508138607,-122.306956267318,-96.08330037081669
47.65452028577,-122.30697028577,-93.30923862451095
47.654520287408,-122.306970287408,-93.30900490216663
47.65453430621,-122.306983169165,-94.22439123323277
47.654547187634,-122.30699380694,-94.0
47.654547191616,-122.30699381056,-94.0
47.654558590288,-122.307003060192,-89.78002706056367
47.654558591752,-122.307003061168,-89.77941839720017
47.654569455892,-122.307011455892,-93.21939436787052
47.654578470733,-122.307020470733,-87.15660587191091
47.654578474072,-122.307020474072,-87.15623516810135
47.654591361341,-122.307031811585,-87.8437614821806
47.654591363849,-122.307031813565,-87.84389327763508
47.6546057223,-122.3070452779,-87.8429208356849
47.654613124344,-122.30705590543,-85.84204735384569
47.654613127208,-122.30705590901,-85.84240479409176
47.654625454346,-122.30706788501,-86.0
47.654625456911,-122.307067887035,-86.0
47.654640150768,-122.307080150768,-85.31971252915739
47.654648164112,-122.307088164112,-90.48472378921224
47.654648167192,-122.307088167192,-90.48357160170384
47.654657370905,-122.307096576195,-95.87066785029111
47.654657372566,-122.307096577554,-95.87172333356295
47.654669584222,-122.307107584222,-92.45972181169188
47.654680403348,-122.307131621762,-100.70059371674256
47.654680405628,-122.307131636582,-100.70363124417663
47.65468480899,-122.30716066293,-101.160276933886
47.654684809282,-122.307160664974,-101.16013122123287
47.65469005175,-122.3071754828,-93.8105491256067
47.65469005545,-122.30717548872,-93.8087034426513
47.654702512,-122.307188256,-96.81507143356755
47.65471772068,-122.30719790344,-98.51060134164692
47.654717724474,-122.307197906692,-98.51141291327232
47.65473010288,-122.307212385184,-95.16301501035063
47.65473010634,-122.307212391412,-95.16266953167724
47.65474221279,-122.307227556046,-92.80747152838046
47.65475723652,-122.307235663072,-91.16157711789414
47.65475723865,-122.30723566364,-91.16143536255944
47.654772246435,-122.307238,-95.67530143462052
47.65477225212,-122.307238,-95.6760583915431
47.654788526196,-122.307235073146,-99.18499754323202
47.654805715248,-122.307233098515,-96.65091660109708
47.654805719104,-122.30723309972,-96.64995386035577
47.65481923545,-122.307239811905,-103.4853752613479
47.65481923904,-122.307239815136,-103.48430044857652
47.65482924771,-122.307248822939,-95.97921638088935
47.654838406808,-122.307259110212,-95.8369316944233
47.6548384098,-122.3072591147,-95.8373053857572
47.654847705151,-122.30727027741,-94.4891821482271
47.654847709419,-122.30727028129,-94.48801897059252
47.654860445245,-122.307285023343,-101.50864376700868
47.654871587638,-122.307300450184,-101.16428557886134
47.6548715887,-122.3073004516,-101.1641089556043
47.65487759704,-122.30730889556,-96.49623949799164
47.654877599764,-122.307308899646,-96.49487966691947
47.654889261979,-122.307319652933,-96.0
47.65490349112,-122.30732830917,-98.99693512449484
47.654903492496,-122.307328309686,-98.99796540187116
47.654911941037,-122.307330875786,-98.33443466261672
47.654911944943,-122.307330876654,-98.3335679773754
47.654926675908,-122.307335078698,-92.17422159823997
47.654940545453,-122.307340324674,-103.82408756206073
47.6549405471155,-122.307340326099,-103.82740960544726
47.6549440528135,-122.307343330983,-104.1673961399175
47.654944054308,-122.307343332264,-104.16696983734946
47.654949113348,-122.307348113348,-98.50459698072969
47.65495746109,-122.307357353308,-102.3258661192787
47.65495746308,-122.307357355696,-102.3266608294716
47.654967029399,-122.307372058798,-105.49302748394344
47.654967033269,-122.307372066538,-105.49431471767832
47.654978746505,-122.307390545573,-93.86120583866926
47.654990160136,-122.307405063032,-93.51139072213454
47.65499016141,-122.30740506467,-93.51084574015066
47.654997171091,-122.307413624104,-104.6112229209926
47.654997174409,-122.307413627896,-104.6178476589436
47.65501192288,-122.30741845512,-95.48621620433828
47.655028654584,-122.307420370469,-95.0
47.6550286584,-122.3074203719,-95.0
47.655037129236,-122.307422917608,-96.65505157992784
47.655037132449,-122.307422918322,-96.65576399053413
47.65504890651,-122.30742630217,-102.04005657533338
47.655062542668,-122.307431771334,-102.8259806954563
47.655062545284,-122.307431772642,-102.82619825077424
47.655072707824,-122.307440098258,-103.0
47.655072711232,-122.307440102944,-103.0
47.655082577204,-122.307448788602,-103.12327055821704
47.655094130806994,-122.307453865748,-101.11927908424292
47.655094134052,-122.307453866928,-101.12075219570404
47.655109832095,-122.30746723668,-96.2289726207382
47.655109842889,-122.307467249016,-96.225378785997
47.655124761712,-122.307486112782,-100.12147409006649
47.655131831814,-122.307501023473,-98.05800868568126
47.655131834394005,-122.307501030783,-98.05543234151332
47.655138316474,-122.30751710673,-101.93881846228824
47.655138319253,-122.307517112685,-101.94119442494406
47.655144378845,-122.307530709228,-104.35458700569129
47.65515416241,-122.307547504868,-106.17769276103472
47.65515416919,-122.307547514812,-106.17724126219822
47.655164396645,-122.307563313961,-101.88599757737278
47.655164397674994,-122.307563315815,-101.88496900812773
47.65516988507,-122.30757184676,-107.0
47.65518120352,-122.30758372096,-105.10621548323444
47.655181210762,-122.307583727776,-105.1083415097208
47.655193877216,-122.307593938608,-101.89067408840384
47.655193880936,-122.307593940468,-101.88835229713264
47.655201893704,-122.307597946852,-103.64384117300672
47.655209907424,-122.307603418996,-105.92739270960593
47.655209911232,-122.307603422328,-105.9302444007071
47.655217924216,-122.307612395797,-103.71472079192527
47.655217927648,-122.307612400516,-103.71300842215037
47.65522495452,-122.30761849242,-99.71371502000784
47.655230470925005,-122.30761998837,-100.17862477656304
47.65523047307,-122.307619989228,-100.17819613704916
47.655237465665,-122.30762397711,-103.28788925677524
47.655237469841005,-122.307623979894,-103.28974243252344
47.655244987292,-122.307630983056,-105.0
47.655251497305,-122.307637498075,-100.0
47.655251500308,-122.30763750022,-100.0
47.655259013416,-122.307644515093,-101.64273125248828
47.655259016824,-122.307644518927,-101.64358106591573
47.655269057624,-122.307655562426,-100.2879749521929
47.65527854557,-122.30766605208,-101.17873661465268
47.65527854860101,-122.307666055544,-101.17830424936386
47.655286068336,-122.307673559794,-104.2891914628442
47.65528607192,-122.30767356293,-104.29098186222264
47.655293573948,-122.307681084512,-99.35648767476168
47.655304171472,-122.30769012248,-99.60734068699202
47.655304178052,-122.30769012718,-99.60311432167482
47.65531820055,-122.307698600275,-106.2198277023729
47.655318206598,-122.307698603299,-106.22414063348609
47.655331195996,-122.307709228662,-100.92598583925042
47.65534373452,-122.30771962628,-106.46231714295668
47.655343739863,-122.307719629157,-106.46354842286136
47.655350520023,-122.307737560644,-104.53655215240376
47.655350520462,-122.307737572936,-104.53523732317753
47.655351522085,-122.30775830919,-103.92841273978097
47.655352,-122.307772857,-102.64218504653184
47.655352,-122.30777286354,-102.6430560605336
47.65535252583,-122.3077957749,-106.2861034823862
47.655352526261,-122.30779578783,-106.28782456171616
47.65535247216,-122.3078179176,-102.24963839339094
47.65535094246,-122.3078408631,-104.63927871312671
47.655350941604,-122.30784087594,-104.64013311027642
47.655347879288,-122.307858181068,-105.81968275718611
47.655347877556,-122.307858183666,-105.82011521574908
47.655342274726,-122.307867918366,-103.72460811574024
47.65533633035,-122.30788521253,-104.72890468252778
47.65533632805,-122.30788522219,-104.72706800689892
47.655334,-122.30790303559,-106.45186868617962
47.655334,-122.30790303763,-106.45227572473988
47.65533131592,-122.307916978608,-106.44788007659196
47.655323075851,-122.307932155503,-107.0
47.655323070791,-122.307932163323,-107.0
47.65531583724,-122.30795297656,-104.5494629260156
47.655315835432,-122.307952987408,-104.5481090083403
47.655309115286,-122.307979196888,-107.0
47.65530336638,-122.30799853448,-106.2620346473294
47.655303365087,-122.307998539652,-106.26375523712198
47.655299815176,-122.308010008266,-104.552962147427
47.655299813484,-122.308010012919,-104.5516949025681
47.655295807636,-122.308021029001,-107.0
47.655289052187,-122.30803699514,-106.8155262320439
47.655289048299,-122.30803700378,-106.81595720589588
47.655274524939,-122.308050961871,-107.81545354510196
47.655274521595,-122.308050963455,-107.81562928746504
47.655262129784,-122.308062187544,-107.0
47.655256781476,-122.308075210203,-107.81591854429692
47.65525677958,-122.308075216365,-107.81639203103768
47.655251102596,-122.30808935158,-107.18360053863496
47.655251099607,-122.308089357985,-107.18317430117474
47.65524520644,-122.30810438068,-107.36816791866002
47.65523795892,-122.3081222024,-104.55562855060744
47.655237954861,-122.30812221142,-104.55427769846273
47.65523175144,-122.30814168066,-105.6305958897444
47.655231749992005,-122.308141687538,-105.63131880969972
47.655227180610005,-122.308159022048,-106.37043503448396
47.655226130358,-122.308171086611,-107.0
47.65522613121,-122.308171090445,-107.0
47.655223598348,-122.308184638014,-104.55610985020152
47.655223596146,-122.308184644253,-104.55501046958751
47.655215881466,-122.308201668342,-106.0
47.655206867705,-122.308228958925,-105.81285089272562
47.655206864411,-122.308228971735,-105.81321606560924
47.655199566704,-122.308253727672,-106.0
47.655199564304,-122.308253734472,-106.0
47.655192980894,-122.308270760686,-104.565440195541
47.65519287924,-122.308286061872,-106.18859262087322
47.655192881075,-122.30828606701,-106.18822585303673
47.65519268882,-122.30830124472,-107.62440375841727
47.655192687364,-122.308301250544,-107.62513083357676
47.655187521332,-122.308319015782,-106.37585652314507
47.655183837146005,-122.308334558551,-106.62130183419109
47.655183836418,-122.308334563283,-106.62202836876988
47.655183,-122.308347581873,-107.0
47.655183,-122.308347586735,-107.0
47.65518007437501,-122.308364117375,-106.8103530548635
47.655175066365,-122.308382561086,-107.0
47.655175065675,-122.30838256357,-107.0
47.655167705822,-122.308396470662,-106.1904232170757
47.655167701781,-122.308396475601,-106.18997484524544
47.655159868096,-122.308409263808,-106.80967964862997
47.655151672468,-122.308426247012,-106.80901872392998
47.655151668382,-122.308426255638,-106.80947211683778
47.65514146598901,-122.308446474021,-104.57120733297202
47.65514146116,-122.30844648324,-104.5698923120692
47.655132827972,-122.308473476124,-106.42785294481588
47.655127609276,-122.308494965215,-107.0
47.655127607476,-122.308494971965,-107.0
47.655123002205,-122.308509993385,-107.0
47.65512299999,-122.30851000003,-107.0
47.65511618732,-122.308528633285,-107.0
47.655108173656,-122.308552082325,-107.0
47.655108170128,-122.30855209335,-107.0
47.655101963335,-122.308570502662,-107.0
47.655101961145,-122.308570508794,-107.0
47.655092694364,-122.30858817606,-107.0
47.655092689108,-122.30858818482,-107.0
47.65508128076,-122.30860638428,-106.81028746984678
47.655070261499,-122.308616675546,-107.0
47.655070256714,-122.308616678156,-107.0
47.655056781,-122.3086226876,-107.0
47.655056774475,-122.30862269021,-107.0
47.655040479669,-122.308623762314,-107.81218374462031
47.65502282947,-122.30862051766,-107.0
47.655022821604,-122.308620515912,-107.0
47.65500977401,-122.308615264406,-107.0
47.65500976965,-122.30861526179,-107.0
47.65499663037,-122.308610501432,-106.62395879723628
47.654982858243,-122.308605242266,-106.18932299463104
47.654982855617,-122.308605241054,-106.18912140989268
47.654962879136,-122.308591659352,-106.0
47.654962868528,-122.308591651396,-106.0
47.654948311406,-122.308580575538,-107.81383211350824
47.654939295845,-122.308573563435,-105.25265840583972
47.654939291912,-122.308573560376,-105.2544040457152
47.654927098716,-122.308560191298,-106.81390155354606
47.654927092612,-122.308560183886,-106.814337007054
47.654911793984,-122.308541880356,-106.4389350224894
47.65490216234,-122.30852924351,-106.0
47.6549021597,-122.30852923955,-106.0
47.654895508541,-122.308520225267,-106.81329751041238
47.654895505699,-122.308520221613,-106.81370316601
47.654884633174,-122.308511851184,-105.18661533835184
47.654871617561,-122.308499327955,-105.6234784885169
47.654871611789,-122.308499321295,-105.62436576626784
47.65485341762,-122.30848559186,-106.0
47.654853414512,-122.308485589936,-106.0
47.654840165471,-122.308478406876,-105.37567113372928
47.654831799776,-122.308474399888,-106.1874734736596
47.654831796296,-122.308474398148,-106.18703906575584
47.654819871412,-122.308468435706,-105.18706853089256
47.654819865238,-122.308468432619,-105.18662826394052
47.654806496323,-122.308464037613,-104.186757649473
47.65479281817,-122.308458409085,-104.18801688976244
47.65479281208,-122.30845840604,-104.187582769722
47.654779447222005,-122.308448763034,-102.37554279143068
47.654779441489005,-122.308448758183,-102.3746623463038
47.654767054068,-122.308443013517,-106.44297659364504
47.65475104998,-122.30843602499,-102.74660502051437
47.654751042186,-122.308436021093,-102.74487621364548
47.65473168242,-122.308427672968,-102.81361961010084
47.6547316788,-122.30842767152,-102.81380030509077
47.654719660296,-122.308420327759,-105.06297236258278
47.654712315656,-122.308412646464,-102.81192839210183
47.654712312562,-122.308412642928,-102.81236979972964
47.65470326603,-122.30840326603,-98.9302768713322
47.65470326167,-122.30840326167,-98.9281020452331
47.654690544148,-122.308395272074,-102.6267100443803
47.654677197115,-122.308385551405,-101.81353349827717
47.654677191421,-122.308385546587,-101.81397080994408
47.654662812375,-122.30837520825,-102.81393027077
47.654662805745,-122.30837520383,-102.81437154443763
47.654656637594,-122.308365869173,-106.81389600723288
47.654654634138,-122.308356853621,-101.2519107895751
47.65465463325,-122.308356849625,-101.25368357904344
47.65464167072,-122.3083437256,-106.0686204003318
47.654641662818,-122.308343719015,-106.07081285709744
47.654624322275,-122.308331443825,-100.1860523379175
47.65460867328,-122.30833144224,-95.7453735821738
47.654608667325,-122.308331444225,-95.74378843703558
47.654592263829,-122.30832609637,-96.62725654107992
47.654592257573,-122.30832609269,-96.6279910896138
47.654577308598,-122.308317462056,-95.81268198510683
47.654566754513,-122.308312224228,-100.0572971246436
47.654566751201,-122.308312222756,-100.05913350697485
47.654558433376,-122.308308216688,-98.56714853154516
47.654558430416,-122.308308215208,-98.5660412930152
47.65454902262,-122.308295836192,-100.4318386353437
47.654540404888,-122.308287503055,-102.1901744926202
47.654540401976,-122.308287501235,-102.18981102872988
47.654530286096005,-122.30827898736,-103.620622987756
47.654530282037,-122.30827898367,-103.62135997953914
47.654517859089,-122.308271077971,-101.76030442858826
47.654500609788,-122.308264066764,-104.19150719457964
47.654500605874,-122.308264065322,-104.19130164944676
47.654489349112005,-122.308256349112,-106.42642061288826
47.654489346184,-122.308256346184,-106.42751742613696
47.654481334088,-122.308248334088,-102.80814758400264
47.65446906105,-122.30824174045,-106.0
47.654469055898005,-122.308241738242,-106.0
47.65445147618,-122.30823501754,-105.192140160488
47.654451468314,-122.308235014642,-105.19172721967928
47.65443172462,-122.30822586231,-101.15557557638218
47.65441884574,-122.308217992018,-99.77568993954304
47.65441884209,-122.308217989463,-99.77423307617038
47.65440811487,-122.30821169902,-99.0
47.654408110811,-122.308211696806,-99.0
47.654392781947,-122.308202094201,-103.80518923020426
47.654369990825,-122.308182431559,-101.36835981233256
47.6543699808,-122.308182422336,-101.36555626911876
47.65435213457,-122.308170205104,-94.3472260243129
47.65435212971,-122.308170202512,-94.34496008631264
47.65433347676,-122.308163643028,-94.61510425191156
47.654319994035,-122.30815908874,-94.80649689452142
47.654319990009,-122.308159087276,-94.80686230365508
47.65430970301,-122.308155810903,-90.96678668790013
47.65430969934,-122.308155809802,-90.9649549246594
47.65429236852,-122.308145489538,-104.86993994196072
47.654282600602,-122.308137600602,-100.6449803186092
47.654282598388,-122.308137598388,-100.64756153499724
47.65427585416,-122.30813085416,-97.1609573354616
47.654275851605,-122.308130851605,-97.15877186594068
47.654269578024,-122.30812163004,-92.38761350342556
47.65426061352,-122.308112352168,-95.86606174875834
47.65426060986,-122.308112348874,-95.870084542594
47.654251334996,-122.308101853884,-98.0
47.654251331693,-122.308101849847,-98.0
47.654243802962,-122.308090833226,-88.97164159873041
47.654235303172,-122.308081303172,-98.83396086292667
47.654235299869,-122.308081299869,-98.83615888012284
47.654227779253,-122.308072287611,-92.74690112256236
47.654227778182,-122.308072286234,-92.74552606276396
47.65421852661,-122.308065515966,-86.19463505117216
47.654207761077,-122.308061004028,-89.38999853289265
47.654207757018,-122.308061002552,-89.38926198609703
47.65419749129,-122.308057747387,-89.0
47.65419748766,-122.308057746298,-89.0
47.654191989044,-122.308056247261,-91.21943790173424
47.654191,-122.308054491204,-88.36719367470263
47.654191,-122.308054490462,-88.36459876877836
47.654194025152,-122.308057025152,-91.83433230255235
47.654194026748,-122.308057026748,-91.83672423355672
47.654196516412,-122.308060274618,-91.0
47.654197,-122.308061,-90.8054765856598
47.654197,-122.308061,-90.80583931978217
47.654195476532,-122.308061,-91.805490666443
47.654195475802005,-122.308061,-91.80585488810118
47.654195,-122.308061,-91.19489738325872
47.654195,-122.308061,-92.80347997144092
47.654195,-122.308061,-92.80388838128891
47.654195,-122.308061,-91.39112967283393
47.654195,-122.308061,-91.39038631583324
47.654195,-122.308061,-91.19599964050984
47.65418422168,-122.30805253132,-89.39441046814613
47.654184216458,-122.308052527217,-89.39366559662133
47.65417868468701,-122.308046912916,-89.0
47.65417868357101,-122.308046911428,-89.0
47.654175679005,-122.308031300365,-90.60552618515514
47.654174224641,-122.308016144974,-86.79061487962845
47.654174224266,-122.308016139724,-86.78911648888706
47.65417866068,-122.30800290186,-86.0
47.65417866134,-122.30800290043,-86.0
47.654187004043,-122.307991439503,-98.61358279453628
47.654197578680005,-122.30797964144,-92.19886446454834
47.65419758275,-122.307979637,-92.19849507109085
47.654209369744,-122.307960602948,-88.799478649488
47.654209374124,-122.307960595283,-88.7980215825642
47.654217478788,-122.307941129004,-96.79970852237152
47.654224490401,-122.307924450512,-88.60482248697747
47.654224493236,-122.307924444032,-88.60361012991925
47.654233076403,-122.30789741199,-95.1924341941494
47.65423307976,-122.3078974008,-95.19578818222588
47.654238152604,-122.307879965886,-92.59899012789214
47.654241366439,-122.307866745431,-92.98910122020746
47.654241367546,-122.307866740634,-92.99094398493996
47.654250697612,-122.307842651316,-90.01001969401938
47.654250701693,-122.307842641299,-90.00816807695061
47.654255377568994,-122.307827489724,-92.60614798646952
47.654259175768,-122.307816266638,-100.7761338297892
47.65425917726,-122.307816262535,-100.78023088499052
47.654266366608,-122.30779012522,-95.8181383509773
47.65426636956,-122.30779011415,-95.8148233180256
47.654270390424,-122.307774438304,-95.22438910969043
47.654274193568,-122.307762419296,-89.6450100682812
47.654274195028,-122.307762414916,-89.64209635607314
47.65428460312,-122.30774079376,-86.61758666684862
47.654284608112,-122.307740783776,-86.6163396831544
47.654292615351,-122.30772797807,-86.79436431632419
47.654298823094,-122.30771796151,-88.79329302747357
47.654298825332,-122.30771795778,-88.79366540411038
47.654306438208,-122.30769185672,-90.170322034423
47.654306441112,-122.30769184583,-90.17177166861678
47.654311222444,-122.307676332668,-100.50363791421776
47.654315228816,-122.307663506348,-87.41828029452951
47.654315229348,-122.307663504619,-87.41801472607551
47.654321661096,-122.307645634168,-85.42045808599737
47.65432166398,-122.30764562634,-85.41963522484927
47.654328673409,-122.307628221721,-85.78979998442951
47.65433406286,-122.307599810268,-88.42089008504719
47.654338255516,-122.307585047331,-89.0
47.654338256996,-122.307585043261,-89.0
47.654342262664,-122.307574027674,-89.0
47.65434226414,-122.307574023615,-89.0
47.65435117303,-122.307549932819,-89.93245052154364
47.654356275616,-122.307537629864,-88.50016120192683
47.654356277092,-122.307537626543,-88.49758296907078
47.654361103965,-122.30752779207,-93.29031362310492
47.65436110582,-122.30752778836,-93.29327824937543
47.654366124075,-122.30750785407,-92.15388852962036
47.654371958394,-122.307486645621,-89.32687618455579
47.654371959342,-122.307486642303,-89.32514074256916
47.654381279270005,-122.307469753168,-87.7879194242483
47.65438128296,-122.307469747264,-87.78828760063894
47.654387972734,-122.307452081798,-91.4273657735772
47.654395639496,-122.30742410189,-96.63211614811458
47.654395642456,-122.30742409079,-96.63618209024152
47.654400331252,-122.307409839057,-92.71091456028526
47.654400332728,-122.307409834998,-92.70796729652828
47.654403504091,-122.307397983636,-88.13970186355824
47.654410690832,-122.307371745734,-102.85377622265057
47.654410694016,-122.307371734192,-102.85775056322728
47.654414514816,-122.307356940736,-99.49732653971682
47.654414515917,-122.307356936332,-99.49476045734862
47.654417520453,-122.307345758339,-92.92824366495871
47.654419683632,-122.307329689128,-87.01113948272982
47.65441968438,-122.30732968277,-87.00591076629092
